Date,Currency,1,2,3,5,10,15,20,30
2010-01-29,AD,4.7015,5.031,5.249,5.565,6.0025,6.0625,6.0225,5.6975
2010-02-26,AD,4.622,4.955,5.1905,5.5875,5.9925,6.075,6.0325,5.8275
2010-03-31,AD,4.95,5.356,5.543,5.863,6.153,6.24,6.194,5.9175
2010-04-30,AD,5.069,5.381,5.5735,5.885,6.1175,6.205,6.1525,5.8525
2010-05-31,AD,4.8505,5.0465,5.173,5.48,5.8475,5.9375,5.785,5.455
2010-06-30,AD,4.8575,4.908,4.969,5.235,5.57625,5.67,5.58625,5.28
2010-07-30,AD,4.8645,4.928,4.996,5.245,5.5975,5.691,5.6375,5.3825
2010-08-31,AD,4.66,4.667,4.707,4.9545,5.2,5.28625,5.24,4.96438
2010-09-30,AD,5.1185,5.201,5.252,5.45,5.535,5.59,5.56,5.28388
2010-10-29,AD,5.03,5.1095,5.2855,5.5025,5.68,5.7475,5.685,5.4
2010-11-30,AD,5.2,5.243,5.38,5.7245,5.9575,6.01875,5.92875,5.688
2010-12-31,AD,5.173,5.337,5.5365,5.865,6.0625,6.1525,6.0825,5.8125
2011-01-31,AD,5.1805,5.329,5.4575,5.713,6.0225,6.1,5.99125,5.7025
2011-02-28,AD,5.2095,5.372,5.491,5.75125,6.055,6.1295,6.0075,5.69875
2011-03-31,AD,5.0765,5.273,5.418,5.69,6.008,6.1015,5.98,5.7
2011-04-29,AD,5.1645,5.329,5.466,5.71938,5.97025,6.055,5.978,5.714
2011-05-31,AD,5.154,5.21,5.293,5.475,5.77,5.855,5.7575,5.4725
2011-06-30,AD,5.06877,5.14282,5.28841,5.515,5.855,5.985,5.935,5.6775
2011-07-29,AD,4.99994,4.923,4.91124,5.15,5.5225,5.7,5.695,5.4375
2011-08-31,AD,4.41423,4.4101,4.5217,4.785,5.165,5.3575,5.375,5.12
2011-09-30,AD,4.30029,4.18787,4.24117,4.455,4.7875,5.0075,4.925,4.7175
2011-10-31,AD,4.4639,4.42978,4.48113,4.64,5.0825,5.265,5.215,5.0325
2011-11-30,AD,3.97485,3.98289,4.06753,4.385,4.783,4.973,4.9225,4.7125
2011-12-30,AD,4.0681,4.04924,4.0195,4.3075,4.58,4.7605,4.76,4.61
2012-01-31,AD,4.08669,3.98603,3.95593,4.205,4.5825,4.7625,4.74,4.545
2012-02-29,AD,4.3658,4.35801,4.3565,4.53,4.8075,5.0075,5.018,4.805
2012-03-30,AD,4.128,4.104,4.16735,4.3765,4.7525,4.9515,4.95,4.7525
2012-04-30,AD,3.8134,3.84532,3.8776,4.0975,4.4625,4.6625,4.635,4.43125
2012-05-31,AD,3.02435,3.0911,3.17534,3.4275,3.8425,4.0175,3.93,3.7225
2012-06-29,AD,3.3637,3.33455,3.40214,3.61,3.9875,4.1825,4.1475,3.94
2012-07-31,AD,3.3712,3.31338,3.34292,3.4925,3.8225,4.03,4.0725,3.91
2012-08-31,AD,3.3067,3.22495,3.25984,3.4225,3.82375,4.025,4.0825,3.9225
2012-09-28,AD,3.0751,3.02815,3.115,3.27185,3.6925,3.915,3.965,3.805
2012-10-31,AD,2.987,3.02,3.09879,3.28625,3.74,3.985,4.075,3.9375
2012-11-30,AD,3.06866,3.067,3.14928,3.34,3.7675,4.045,4.145,4.0225
2012-12-31,AD,2.7765,2.907,3.0475,3.29,3.8275,4.125,4.285,4.315
2013-01-31,AD,2.8543,3.0239,3.105,3.455,4,4.3325,4.52,4.5975
2013-02-28,AD,2.8425,2.9475,3.098,3.41,3.95,4.295,4.45,4.5
2013-03-29,AD,3.0693,3.169,3.3095,3.5575,4.0425,4.3275,4.4525,4.495
2013-04-30,AD,2.797,2.846,3,3.27,3.795,4.0675,4.23,4.2325
2013-05-31,AD,2.6975,2.7875,3.006,3.3675,3.945,4.3025,4.415,4.485
2013-06-28,AD,2.7125,2.8795,3.135,3.575,4.3225,4.608,4.6,4.6
2013-07-31,AD,2.527,2.67,2.918,3.37,4.145,4.43,4.475,4.465
2013-08-30,AD,2.565,2.7914,3.098,3.6,4.4175,4.7125,4.8,4.7775
2013-09-30,AD,2.555,2.81,3.1075,3.6,4.3275,4.645,4.705,4.7275
2013-10-31,AD,2.665,2.917,3.2505,3.75,4.46,4.77,4.84,4.8725
2013-11-29,AD,2.64,2.915,3.248,3.7975,4.595,4.925,5.02,5.05
2013-12-31,AD,2.6619,2.961,3.359,3.77,4.585,4.9325,4.985,5.0075
2014-01-31,AD,2.675,2.868,3.1675,3.6425,4.3875,4.745,4.8375,4.8625
2014-02-28,AD,2.7079,2.8572,3.114,3.595,4.385,4.735,4.8325,4.8575
2014-03-31,AD,2.7498,3.01,3.274,3.71,4.415,4.74,4.8425,4.8925
2014-04-30,AD,2.7566,2.9251,3.156,3.53,4.215,4.5225,4.6225,4.6725
2014-05-30,AD,2.72055,2.849,3.0155,3.3585,4.015,4.3225,4.435,4.475
2014-06-30,AD,2.697,2.812,2.961,3.29,3.9225,4.23,4.35,4.4025
2014-07-31,AD,2.669,2.8004,2.964,3.275,3.8775,4.17,4.305,4.3725
2014-08-29,AD,2.645,2.749,2.906,3.1875,3.66,3.95,4.1,4.1725
2014-09-30,AD,2.784,2.883,3,3.3125,3.84,4.1225,4.2925,4.365
2014-10-31,AD,2.759,2.811,2.899,3.185,3.72,4.005,4.18,4.27
2014-11-28,AD,2.742,2.748,2.78,2.985,3.465,3.7575,3.935,4.04
2014-12-31,AD,2.662,2.543,2.517,2.68,3.1375,3.435,3.5975,3.6975
2015-01-30,AD,2.432,2.2275,2.332,2.4225,2.735,2.9375,3.025,3.0975
2015-02-27,AD,2.184,2.083,2.193,2.4075,2.82,3.0525,3.175,3.24
2015-03-31,AD,2.064,1.9325,2.1,2.2975,2.7,2.91,3.0025,3.0575
2015-04-30,AD,2.23,2.0975,2.34,2.5175,2.9525,3.1825,3.2725,3.32
2015-05-29,AD,2.155,2.176,2.268,2.5275,3.025,3.3,3.43,3.48
2015-06-30,AD,2.238,2.312,2.404,2.7675,3.37,3.63875,3.74,3.7925
2015-07-31,AD,2.192,2.212,2.298,2.535,3.08,3.3475,3.4525,3.4925
2015-08-31,AD,2.085,2.09,2.163,2.4525,3.035,3.3175,3.4475,3.4775
2015-09-30,AD,2.121,2.084,2.149,2.3775,2.875,3.1225,3.245,3.2625
2015-10-30,AD,2.071,2.067,2.13,2.3625,2.9,3.17875,3.295,3.3025
2015-11-30,AD,2.32,2.302,2.355,2.5413,2.9775,3.235,3.365,3.3825
2015-12-31,AD,2.373,2.338,2.388,2.6088,3.0808,3.3463,3.486,3.5275
2016-01-29,AD,2.289,2.208,2.207,2.34625,2.7325,3.0025,3.12625,3.17
2016-02-29,AD,2.261,2.147,2.138,2.223,2.52,2.75,2.87,2.915
2016-03-31,AD,2.338,2.258,2.253,2.33375,2.6125,2.844,2.9575,3.0275
2016-04-29,AD,2.225,2.195,2.212,2.35,2.645,2.85,2.9525,3.025
2016-05-31,AD,2.071,2.026,2.034,2.13,2.435,2.625,2.74,2.81
2016-06-30,AD,2.037,1.968,1.959,1.98125,2.17375,2.33625,2.43375,2.50063
2016-07-29,AD,1.972,1.915,1.893,1.87,2.07,2.22,2.3,2.3475
2016-08-31,AD,1.854,1.799,1.794,1.8225,2.04,2.2125,2.32875,2.40375
2016-09-30,AD,1.899,1.854,1.847,1.93,2.1425,2.342,2.4375,2.53125
2016-10-31,AD,1.962,1.986,2.043,2.1725,2.4525,2.635,2.7375,2.8225
2016-11-30,AD,2.024,2.124,2.26,2.5175,2.8985,3.115,3.20875,3.2525
2016-12-30,AD,2.098,2.235,2.374,2.625,2.995,3.2175,3.3225,3.3625
2017-01-31,AD,2.033,2.141,2.271,2.53,2.965,3.2005,3.295,3.385
2017-02-28,AD,2.021,2.152,2.327,2.601,3.015,3.266,3.3675,3.4375
2017-03-31,AD,2.018,2.142,2.273,2.5225,2.97,3.21125,3.335,3.3975
2017-04-28,AD,1.958,2.058,2.19,2.4125,2.85,3.09625,3.2125,3.285
2017-05-31,AD,1.826,1.883,1.968,2.2075,2.66625,2.91375,3.0125,3.11375
2017-06-30,AD,1.906,2.06,2.216,2.4975,2.91375,3.14375,3.25625,3.32625
2017-07-31,AD,1.868,2.01,2.157,2.4325,2.875,3.1225,3.2485,3.325
2017-08-31,AD,1.972,2.121,2.262,2.4625,2.8175,3.04,3.1538,3.2265
2017-09-29,AD,2.017,2.201,2.352,2.595,2.9975,3.2225,3.3125,3.3725
2017-10-31,AD,1.93,2.076,2.194,2.44,2.855,3.09,3.19,3.2425
2017-11-30,AD,1.95,2.062,2.165,2.355,2.7275,2.95125,3.0525,3.1113
2017-12-29,AD,2.029,2.19,2.323,2.5015,2.799,3.001,3.094,3.1425
2018-01-31,AD,1.993,2.18,2.355,2.6075,2.975,3.18125,3.2475,3.24
2018-02-28,AD,2.024,2.191,2.347,2.5787,2.939,3.1425,3.214,3.2188
2018-03-30,AD,2.125,2.223,2.33,2.51875,2.82375,2.99375,3.05875,3.04375
2018-04-30,AD,2.163,2.283,2.383,2.61,2.926,3.1075,3.1588,3.131
2018-05-31,AD,2.12,2.215,2.324,2.55687,2.8863,3.06,3.1213,3.0825
2018-06-29,AD,2.1825,2.235,2.281,2.5025,2.835,3.005,3.07625,3.03125
2018-07-31,AD,2.173,2.252,2.329,2.51,2.8575,3.0175,3.0475,2.9925
2018-08-31,AD,2.1425,2.17,2.2175,2.345,2.68625,2.86625,2.91625,2.88125
2018-09-28,AD,2.12,2.201,2.286,2.47687,2.8525,3.0325,3.0825,3.04625
2018-10-31,AD,2.088,2.161,2.239,2.4337,2.8025,2.98875,3.05125,3.0225
2018-11-30,AD,2.128,2.205,2.285,2.44812,2.7875,2.967,3.032,3.01
2018-12-31,AD,2.122,2.08,2.076,2.215,2.5525,2.735,2.8025,2.7775
2019-01-31,AD,2.095,2.041,2.03,2.11562,2.44625,2.63375,2.7025,2.67875
2019-02-28,AD,1.953,1.898,1.913,2.0438,2.40125,2.60625,2.69625,2.685
2019-03-29,AD,1.726,1.626,1.615,1.695,2.02875,2.2475,2.35,2.37375
2019-04-30,AD,1.548,1.496,1.509,1.64625,2.04625,2.285,2.39,2.36375
2019-05-31,AD,1.351,1.292,1.293,1.38,1.72625,1.98375,2.0975,2.12875
2019-06-28,AD,1.119,1.069,1.075,1.2025,1.57,1.82,1.93875,1.995
2019-07-31,AD,0.96789,0.92647,0.93292,1.0225,1.38,1.6475,1.7875,1.8475
2019-08-30,AD,0.868,0.78808,0.77442,0.83375,1.1013,1.30125,1.41625,1.4663
2019-09-30,AD,0.93,0.874,0.877,0.9087,1.15625,1.38625,1.5,1.51375
2019-10-31,AD,0.982,0.955,0.954,1.015,1.28625,1.49375,1.591,1.61375
2019-11-29,AD,0.843,0.81475,0.82977,0.91875,1.22,1.43125,1.52875,1.56
2019-12-31,AD,0.976,0.991,1.03,1.185,1.5255,1.7675,1.8775,1.898
2020-01-31,AD,0.809,0.755,0.743,0.7888,1.0788,1.3025,1.41625,1.44625
2020-02-28,AD,0.697,0.64,0.625,0.62625,0.91875,1.085,1.1763,1.1875
2020-03-31,AD,0.456,0.436,0.445,0.5688,0.8925,1.00875,1.0125,0.85875
2020-04-30,AD,0.212,0.26008,0.33282,0.5025,0.94,1.1325,1.1638,1.09
2020-05-29,AD,0.221,0.27586,0.32558,0.4655,0.8725,1.0945,1.1475,1.1
2020-06-30,AD,0.194,0.236,0.278,0.43625,0.88,1.105,1.17875,1.18625
2020-07-31,AD,0.187,0.21309,0.24705,0.3663,0.75375,1.005,1.08625,1.09125
2020-08-31,AD,0.155,0.187,0.226,0.3825,0.885,1.1625,1.27,1.32875
2020-09-30,AD,0.123,0.142,0.176,0.2963,0.78065,1.05375,1.16375,1.20875
2020-10-30,AD,0.061,0.077,0.106,0.2612,0.78875,1.085,1.215,1.26875
2020-11-30,AD,0.051,0.09618,0.156,0.3363,0.89125,1.24875,1.4085,1.49
2020-12-31,AD,0.033,0.083,0.16,0.382,0.9825,1.325,1.46875,1.53125
2021-01-29,AD,0.038,0.093,0.179,0.45375,1.1625,1.5163,1.6675,1.7625
2021-02-26,AD,0.115,0.225,0.393,0.90875,1.75875,2.15375,2.2495,2.2125
2021-03-31,AD,0.11925,0.221,0.39,0.89375,1.84704,2.24625,2.3575,2.34518
2021-04-30,AD,0.11792,0.208,0.373,0.8599,1.759,2.145,2.27275,2.2675
2021-05-31,AD,0.107,0.221,0.418,0.893,1.71,2.09125,2.233,2.245
2021-06-30,AD,0.111,0.292,0.512,0.91931,1.584,1.89125,1.99,1.97062
2021-07-30,AD,0.07826,0.22053,0.39573,0.715,1.3115,1.59125,1.705,1.694
2021-08-31,AD,0.064,0.234,0.451,0.804,1.355,1.62625,1.72625,1.7375
2021-09-30,AD,0.09872,0.31446,0.56433,0.99,1.625,1.9085,1.988,1.955
2021-10-29,AD,0.5025,1.141,1.4681,1.7257,2.134,2.3125,2.354,2.253
2021-11-30,AD,0.354,0.986,1.3553,1.67688,2.0225,2.175,2.179,2.04275
2021-12-31,AD,0.45859,0.97912,1.3495,1.665,1.9875,2.1175,2.1425,2.043
2022-01-31,AD,0.64048,1.27225,1.5983,1.89875,2.17125,2.27125,2.27125,2.1661
2022-02-28,AD,0.64491,1.42201,1.80429,2.1288,2.4068,2.4915,2.46583,2.32762
2022-03-31,AD,1.353,2.297,2.73,2.96125,3.0975,3.13025,3.076,2.89625
2022-04-29,AD,2.246,3.0005,3.262,3.425,3.6025,3.64375,3.5613,3.35
2022-05-31,AD,2.677,3.21925,3.34275,3.47375,3.69,3.7663,3.6963,3.44245
2022-06-30,AD,3.298,3.59,3.66,3.8415,4.1085,4.11875,4.0463,3.67875
2022-07-29,AD,3.142,3.189,3.168,3.2444,3.50625,3.614,3.605,3.35255
2022-08-31,AD,3.527,3.791,3.827,3.9075,4.1225,4.20125,4.0875,3.7575
2022-09-30,AD,4.019,4.201,4.1952,4.23,4.405,4.48375,4.3225,3.93
2022-10-31,AD,4.08431,4.26147,4.2185,4.28875,4.564,4.6687,4.564,4.2044
2022-11-30,AD,3.7165,3.8197,3.7694,3.80125,4.047,4.16248,4.0845,3.7531
2022-12-30,AD,4.07975,4.223,4.1885,4.256,4.5475,4.6237,4.535,4.144
2011-05-31,BP,1.215,1.529,1.896,2.5425,3.4431,3.7925,3.8997,3.923
2011-06-30,BP,1.1725,1.445,1.821,2.504,3.543,3.946,4.049,4.068
2011-07-29,BP,1.16,1.3,1.537,2.101,3.1401,3.58,3.745,3.82
2011-08-31,BP,1.209,1.265,1.432,1.926,2.928,3.398,3.5875,3.705
2011-09-30,BP,1.25,1.277,1.3946,1.779,2.6067,2.995,3.187,3.33
2011-10-31,BP,1.2775,1.305,1.4305,1.8182,2.7008,3.08,3.222,3.3028
2011-11-30,BP,1.345,1.4025,1.483,1.7512,2.5217,2.85,2.97,3.0261
2011-12-30,BP,1.3525,1.324,1.363,1.563,2.29,2.6525,2.8322,2.992
2012-01-31,BP,1.289,1.208,1.2375,1.472,2.256,2.643,2.805,2.9179
2012-02-29,BP,1.2775,1.2349,1.298,1.557,2.378,2.8025,2.983,3.1175
2012-03-30,BP,1.26,1.2285,1.31,1.6055,2.4401,2.8925,3.09,3.22155
2012-04-30,BP,1.332,1.3611,1.45,1.6839,2.43,2.865,3.07,3.2116
2012-05-31,BP,1.258,1.2002,1.21,1.365,2.027,2.46,2.687,2.8483
2012-06-29,BP,1.0575,0.9755,1.003,1.263,2.105,2.543,2.79,2.9633
2012-07-31,BP,0.905,0.77,0.778,1.02675,1.92,2.422,2.67,2.8645
2012-08-31,BP,0.83,0.7678,0.7925,1.0298,1.8806,2.39,2.658,2.873
2012-09-28,BP,0.749,0.72,0.775,1.013,1.8625,2.42,2.715,2.955
2012-10-31,BP,0.6775,0.6965,0.7735,1.058,1.9425,2.48,2.758,2.9815
2012-11-30,BP,0.695,0.73155,0.80715,1.05665,1.875,2.4059,2.68355,2.8945
2012-12-31,BP,0.6575,0.71,0.7775,1.019,1.8625,2.435,2.74,2.9655
2013-01-31,BP,0.679,0.754,0.865,1.1925,2.111,2.662,2.9502,3.176
2013-02-28,BP,0.58125,0.601,0.7,1.0575,2.026,2.59125,2.894,3.132
2013-03-29,BP,0.60375,0.613,0.676,0.9714,1.906,2.474,2.7673,3.006
2013-04-30,BP,0.577,0.5825,0.645,0.9169,1.825,2.3925,2.6925,2.92
2013-05-31,BP,0.604,0.692,0.8216,1.17,2.095,2.646,2.921,3.121
2013-06-28,BP,0.665,0.8,1.00275,1.545,2.543,2.9875,3.1966,3.325
2013-07-31,BP,0.606,0.6955,0.858,1.395,2.478,2.955,3.172,3.3125
2013-08-30,BP,0.653,0.832,1.106,1.721,2.7145,3.109,3.272,3.352
2013-09-30,BP,0.649,0.836,1.127,1.731,2.6945,3.0815,3.249,3.327
2013-10-31,BP,0.637,0.7965,1.0665,1.6675,2.607,3.0125,3.17,3.2465
2013-11-29,BP,0.645,0.819,1.118,1.766,2.739,3.13,3.278,3.3365
2013-12-31,BP,0.71,1.025,1.434,2.13425,2.986,3.312,3.4117,3.4275
2014-01-31,BP,0.678,0.964,1.336,1.951,2.764,3.098,3.225,3.283
2014-02-28,BP,0.6805,0.9815,1.349,1.949,2.791,3.1245,3.252,3.287
2014-03-31,BP,0.7,1.058,1.4525,2.035,2.802,3.1245,3.239,3.281
2014-04-30,BP,0.7295,1.091,1.475,2.027,2.738,3.0625,3.196,3.2615
2014-05-30,BP,0.738,1.112,1.466,1.981,2.654,2.977,3.128,3.2035
2014-06-30,BP,0.893,1.331,1.6995,2.1705,2.778,3.062,3.198,3.249
2014-07-31,BP,0.916,1.3475,1.712,2.175,2.7125,2.957,3.06625,3.098
2014-08-29,BP,0.859,1.215,1.522,1.912,2.4111,2.6445,2.747,2.766
2014-09-30,BP,0.877,1.2555,1.5785,1.98925,2.4908,2.729,2.8345,2.8775
2014-10-31,BP,0.796,1.1,1.383,1.78175,2.3135,2.5805,2.7005,2.756
2014-11-28,BP,0.738,0.937,1.152,1.49,1.9893,2.248,2.367,2.425
2014-12-31,BP,0.739,0.9295,1.1335,1.444,1.84,2.066,2.1835,2.233
2015-01-30,BP,0.716,0.837,0.977,1.176,1.447,1.605,1.7,1.752
2015-02-27,BP,0.752,0.996,1.2253,1.532,1.8835,2.054,2.147,2.188
2015-03-31,BP,0.714,0.88575,1.067,1.3415,1.68,1.843,1.927,1.9755
2015-04-30,BP,0.776,1.001,1.211,1.51275,1.888,2.068,2.155,2.188
2015-05-29,BP,0.763,0.972,1.186,1.497,1.8973,2.0815,2.153,2.1725
2015-06-30,BP,0.827,1.102,1.3545,1.6955,2.13,2.3025,2.352,2.33
2015-07-31,BP,0.838,1.103,1.34,1.662,2.0332,2.1795,2.226,2.1915
2015-08-31,BP,0.821,1.045,1.262,1.6145,2.0185,2.179,2.227,2.209
2015-09-30,BP,0.7815,0.9415,1.117,1.421,1.8255,2,2.067,2.067
2015-10-30,BP,0.801,0.979,1.162,1.49,1.9295,2.11,2.162,2.139
2015-11-30,BP,0.776,0.937,1.108,1.398,1.832,2.00175,2.043,2.002
2015-12-31,BP,0.843,1.0915,1.3015,1.587,2,2.169,2.2,2.155
2016-01-29,BP,0.707,0.786,0.907,1.1485,1.592,1.777,1.822,1.79
2016-02-29,BP,0.721,0.7155,0.742,0.853,1.2725,1.476,1.532,1.512
2016-03-31,BP,0.747,0.7945,0.8551,1.0042,1.424,1.636,1.688,1.646
2016-04-29,BP,0.7735,0.869,0.9595,1.137,1.561,1.7555,1.811,1.775
2016-05-31,BP,0.743,0.83275,0.925,1.095,1.485,1.6805,1.722,1.676
2016-06-30,BP,0.5645,0.4945,0.4905,0.591,0.9613,1.175,1.2345,1.2075
2016-07-29,BP,0.51,0.476,0.4832,0.5415,0.8132,0.993,1.0494,1.0355
2016-08-31,BP,0.466,0.427,0.428,0.482,0.706,0.86,0.898,0.861
2016-09-30,BP,0.482,0.43825,0.43975,0.51,0.7627,0.976,1.03,1.026
2016-10-31,BP,0.574,0.618,0.68475,0.837,1.189,1.378,1.428,1.398
2016-11-30,BP,0.579,0.6565,0.755,0.961,1.37,1.56775,1.61,1.572
2016-12-30,BP,0.5525,0.6095,0.689,0.866,1.2316,1.4145,1.459,1.4235
2017-01-31,BP,0.5785,0.6975,0.817,1.031,1.4284,1.6315,1.686,1.6515
2017-02-28,BP,0.5285,0.567,0.6255,0.777,1.1453,1.362,1.418,1.396
2017-03-31,BP,0.534,0.619,0.701,0.8535,1.1769,1.385,1.442,1.419
2017-04-28,BP,0.498,0.56475,0.636,0.794,1.1423,1.355,1.412,1.389
2017-05-31,BP,0.461,0.523,0.6,0.768,1.1335,1.34,1.409,1.393
2017-06-30,BP,0.5505,0.692,0.801,0.993,1.3345,1.554,1.625,1.6105
2017-07-31,BP,0.494,0.6055,0.70575,0.9015,1.2948,1.5115,1.5895,1.5915
2017-08-31,BP,0.454,0.5385,0.6185,0.779,1.129,1.3365,1.418,1.426
2017-09-29,BP,0.642,0.8095,0.92425,1.0995,1.42,1.5995,1.66,1.654
2017-10-31,BP,0.686,0.8435,0.9505,1.1025,1.376,1.536,1.5965,1.592
2017-11-30,BP,0.698,0.8615,0.9835,1.147,1.403,1.5445,1.5965,1.5825
2017-12-29,BP,0.6615,0.783,0.8845,1.032,1.2745,1.40725,1.455,1.428
2018-01-31,BP,0.7315,0.953,1.1195,1.332,1.586,1.7095,1.746,1.70425
2018-02-28,BP,0.831,1.03275,1.17975,1.366,1.5915,1.685,1.705,1.657
2018-03-30,BP,0.9465,1.114,1.224,1.3435,1.496,1.55,1.557,1.501
2018-04-30,BP,0.897,1.0585,1.1835,1.347,1.563,1.651,1.676,1.646
2018-05-31,BP,0.8,0.9405,1.0545,1.2265,1.4615,1.566,1.595,1.57
2018-06-29,BP,0.878,1.0206,1.134,1.3015,1.5245,1.616,1.643,1.6185
2018-07-31,BP,0.981,1.12275,1.2345,1.38415,1.5925,1.68,1.704,1.68
2018-08-31,BP,0.972,1.10605,1.2075,1.3509,1.54645,1.634,1.661,1.637
2018-09-28,BP,0.9935,1.1534,1.2785,1.443,1.655,1.746,1.773,1.747
2018-10-31,BP,1.001,1.1339,1.239,1.384,1.5995,1.6955,1.7255,1.708
2018-11-30,BP,1.049,1.17275,1.2525,1.359,1.557,1.6868,1.75655,1.7935
2018-12-31,BP,1.076,1.1565,1.217,1.298,1.43,1.513,1.546,1.541
2019-01-31,BP,1.036,1.0945,1.15115,1.24675,1.407,1.504,1.5445,1.55
2019-02-28,BP,1.0305,1.1132,1.1895,1.3055,1.491,1.6,1.642,1.643
2019-03-29,BP,0.944,0.938,0.98,1.052,1.2035,1.305,1.3475,1.361
2019-04-30,BP,0.9895,1.0485,1.10725,1.1925,1.347,1.4558,1.49363,1.495
2019-05-31,BP,0.8835,0.878,0.901,0.957,1.10725,1.214,1.263,1.28
2019-06-28,BP,0.853,0.8349,0.8466,0.898,1.04365,1.15815,1.2138,1.2356
2019-07-31,BP,0.7409,0.6695,0.652,0.6775,0.842,0.9725,1.036,1.067
2019-08-30,BP,0.7178,0.656,0.632,0.60655,0.62735,0.659,0.6725,0.6775
2019-09-30,BP,0.7403,0.65675,0.62425,0.6004,0.64332,0.689,0.706,0.70528
2019-10-31,BP,0.815,0.7595,0.74925,0.75,0.818,0.8855,0.912,0.916
2019-11-29,BP,0.808,0.7845,0.797,0.82965,0.914,0.984,1.01105,1.012
2019-12-31,BP,0.8259,0.802,0.82375,0.885,1.019,1.0975,1.121,1.11
2020-01-31,BP,0.7307,0.6684,0.65575,0.666,0.731,0.8025,0.8325,0.829
2020-02-28,BP,0.618,0.56625,0.5531,0.56825,0.6322,0.699,0.726,0.715
2020-03-31,BP,0.58,0.4989,0.4922,0.525,0.5884,0.6331,0.638,0.6025
2020-04-30,BP,0.5225,0.4302,0.4156,0.4257,0.4799,0.5017,0.4832,0.4169
2020-05-29,BP,0.315,0.2612,0.25925,0.2955,0.397,0.446,0.445,0.4095
2020-06-30,BP,0.2372,0.186,0.18875,0.239,0.3665,0.4358,0.452,0.4303
2020-07-31,BP,0.1348,0.10251,0.11234,0.15888,0.30225,0.388,0.424,0.425
2020-08-31,BP,0.1085,0.108,0.13935,0.2325,0.45345,0.5891,0.6457,0.663
2020-09-30,BP,0.0695,0.07707,0.1117,0.1965,0.39556,0.51562,0.56564,0.57262
2020-10-30,BP,0.0342,0.06462,0.118,0.217,0.4382,0.566,0.622,0.632
2020-11-30,BP,0.047,0.08718,0.1496,0.2585,0.48312,0.61327,0.668,0.676
2020-12-31,BP,0.00125,0.038,0.092,0.192,0.3961,0.52,0.57,0.5731
2021-01-29,BP,0.0047,0.10123,0.1615,0.285,0.5346,0.6796,0.7356,0.7386
2021-02-26,BP,0.095,0.2648,0.41295,0.6475,0.9989,1.15439,1.1959,1.1764
2021-03-31,BP,0.1257,0.2882,0.4389,0.6973,1.0633,1.21844,1.2645,1.24538
2021-04-30,BP,0.1332,0.31459,0.4755,0.7335,1.07705,1.21475,1.252,1.2283
2021-05-31,BP,0.13141,0.31155,0.45765,0.6916,1.0251,1.1745,1.2132,1.196
2021-06-30,BP,0.1313,0.3702,0.51219,0.7011,0.962,1.07475,1.111,1.0916
2021-07-30,BP,0.2527,0.4295,0.541,0.66595,0.8225,0.91205,0.9275,0.8917
2021-08-31,BP,0.2935,0.48589,0.58995,0.7211,0.9042,0.98145,0.99562,0.95968
2021-09-30,BP,0.4555,0.7225,0.85835,0.9982,1.17861,1.27017,1.28667,1.2507
2021-10-29,BP,0.8959,1.23322,1.32332,1.3004,1.23497,1.20815,1.15922,1.05596
2021-11-30,BP,0.6975,1.073,1.1966,1.18745,1.0761,1.00836,0.95654,0.87865
2010-01-29,CD,0.7,1.3605,1.9115,2.638,3.59,4.18,4.367,4.257
2010-02-26,CD,0.712,1.3538,1.919,2.672,3.615,4.174,4.3735,4.286
2010-03-31,CD,1.126,1.8565,2.3869,3.008,3.7175,4.209,4.3595,4.2345
2010-04-30,CD,1.4088,2.096,2.589,3.1895,3.8543,4.2927,4.4125,4.2565
2010-05-31,CD,1.357,1.996,2.4285,3.031,3.7008,4.1085,4.2155,3.9835
2010-06-30,CD,1.1742,1.5665,1.975,2.558,3.4268,3.966,4.146,4.0086
2010-07-30,CD,1.27,1.5585,1.8995,2.4475,3.3633,3.9025,4.108,3.99
2010-08-31,CD,1.1488,1.321,1.5455,2.0395,2.919,3.4795,3.728,3.603
2010-09-30,CD,1.377,1.5215,1.6785,2.069,2.8865,3.39,3.5615,3.447
2010-10-29,CD,1.3499,1.513,1.6649,2.0365,2.9558,3.4945,3.6708,3.5705
2010-11-30,CD,1.5402,1.733,1.9764,2.472,3.2725,3.719,3.8365,3.68
2010-12-31,CD,1.5493,1.81,2.0819,2.5844,3.3843,3.85,3.9826,3.8539
2011-01-31,CD,1.4644,1.7735,2.0888,2.6609,3.5378,4.0162,4.156,4.0793
2011-02-28,CD,1.615,1.9915,2.3253,2.8522,3.6162,4.074,4.2061,4.1531
2011-03-31,CD,1.5795,2.0104,2.3801,2.9445,3.7461,4.1982,4.321,4.2008
2011-04-29,CD,1.575,1.9122,2.221,2.724,3.5735,4.0395,4.1893,4.12
2011-05-31,CD,1.455,1.757,2.0313,2.4778,3.336,3.8117,3.9593,3.8769
2011-06-30,CD,1.472,1.749,2.0235,2.5115,3.409,3.899,4.041,3.955
2011-07-29,CD,1.425,1.5705,1.783,2.1905,3.077,3.577,3.728,3.669
2011-08-31,CD,1.1488,1.2045,1.3942,1.799,2.718,3.2005,3.3285,3.2615
2011-09-30,CD,1.017,0.966,1.141,1.51,2.427,2.934,3.0313,2.908
2011-10-31,CD,1.162,1.116,1.287,1.632,2.5775,3.121,3.247,3.1785
2011-11-30,CD,1.155,1.153,1.2675,1.5765,2.402,2.817,2.8985,2.769
2011-12-30,CD,1.176,1.1363,1.2178,1.4455,2.2155,2.663,2.7503,2.592
2012-01-31,CD,1.225,1.168,1.2117,1.455,2.203,2.6418,2.7525,2.648
2012-02-29,CD,1.274,1.31,1.4256,1.6815,2.388,2.865,2.986,2.851
2012-03-30,CD,1.314,1.41,1.563,1.861,2.564,2.994,3.12,2.979
2012-04-30,CD,1.474,1.595,1.7259,1.9586,2.5485,2.9522,3.075,2.943
2012-05-31,CD,1.256,1.282,1.3534,1.5185,2.059,2.4269,2.5238,2.39
2012-06-29,CD,1.2325,1.253,1.3621,1.5599,2.1762,2.5997,2.6948,2.608
2012-07-31,CD,1.302,1.335,1.4272,1.6025,2.118,2.5272,2.6183,2.516
2012-08-31,CD,1.36,1.4105,1.4939,1.668,2.18,2.5345,2.6162,2.5028
2012-09-28,CD,1.2789,1.3205,1.411,1.61,2.1499,2.5195,2.6175,2.511
2012-10-31,CD,1.265,1.311,1.4116,1.6412,2.2005,2.5943,2.6992,2.605
2012-11-30,CD,1.2736,1.3235,1.4193,1.621,2.144,2.524,2.625,2.534
2012-12-31,CD,1.329,1.4025,1.4976,1.704,2.2454,2.6224,2.723,2.6255
2013-01-31,CD,1.31,1.424,1.556,1.8204,2.4216,2.823,2.938,2.838
2013-02-28,CD,1.24,1.2421,1.3625,1.6283,2.2824,2.728,2.867,2.812
2013-03-29,CD,1.2719,1.316,1.4292,1.6805,2.304,2.739,2.881,2.813
2013-04-30,CD,1.255,1.273,1.3645,1.5885,2.1605,2.5707,2.71,2.649
2013-05-31,CD,1.3223,1.4265,1.575,1.8875,2.523,2.9225,3.0395,2.958
2013-06-28,CD,1.342,1.5615,1.7989,2.25,2.93,3.314,3.4075,3.2975
2013-07-31,CD,1.351,1.5146,1.7484,2.2025,2.932,3.34,3.4535,3.376
2013-08-30,CD,1.319,1.5238,1.8066,2.3148,3.0643,3.4923,3.6028,3.5095
2013-09-30,CD,1.299,1.467,1.738,2.241,3.0304,3.4728,3.605,3.5425
2013-10-31,CD,1.286,1.3917,1.6138,2.0895,2.901,3.371,3.5113,3.4565
2013-11-29,CD,1.276,1.361,1.5566,2.0445,2.954,3.438,3.59,3.5615
2013-12-31,CD,1.265,1.393,1.6769,2.292,3.1933,3.6425,3.7625,3.6715
2014-01-31,CD,1.2119,1.249,1.4412,1.918,2.782,3.262,3.4133,3.3755
2014-02-28,CD,1.2465,1.315,1.4994,1.943,2.778,3.237,3.391,3.37
2014-03-31,CD,1.275,1.369,1.5832,2.0475,2.8375,3.272,3.4135,3.3915
2014-04-30,CD,1.285,1.389,1.5933,2.034,2.784,3.2081,3.3561,3.3545
2014-05-30,CD,1.2715,1.3603,1.537,1.904,2.647,3.0584,3.2007,3.2075
2014-06-30,CD,1.292,1.423,1.6028,1.9464,2.6696,3.0795,3.228,3.26
2014-07-31,CD,1.292,1.4125,1.5997,1.9345,2.5989,2.996,3.142,3.158
2014-08-29,CD,1.3051,1.4258,1.5878,1.8837,2.459,2.8461,2.9981,3.0215
2014-09-30,CD,1.2935,1.447,1.652,1.992,2.5985,2.9649,3.1,3.1135
2014-10-31,CD,1.2892,1.4079,1.5849,1.9235,2.5138,2.873,2.9883,2.9821
2014-11-28,CD,1.31,1.3865,1.5334,1.794,2.3395,2.698,2.8244,2.839
2014-12-31,CD,1.337,1.4364,1.5595,1.772,2.271,2.6151,2.7295,2.7455
2015-01-30,CD,0.8235,0.8065,0.8662,1.058,1.658,2.0094,2.1356,2.217
2015-02-27,CD,0.865,0.8616,0.925,1.121,1.7635,2.1425,2.272,2.349
2015-03-31,CD,0.8815,0.8743,0.954,1.183,1.817,2.211,2.3405,2.387
2015-04-30,CD,0.998,1.05,1.155,1.4095,2.0304,2.4052,2.531,2.548
2015-05-29,CD,0.9385,0.9809,1.0942,1.366,2.056,2.439,2.575,2.583
2015-06-30,CD,0.862,0.906,1.0274,1.343,2.1651,2.595,2.7317,2.729
2015-07-31,CD,0.665,0.7312,0.8638,1.17,1.9423,2.3767,2.5235,2.5469
2015-08-31,CD,0.651,0.7255,0.843,1.154,1.9563,2.3996,2.542,2.593
2015-09-30,CD,0.7465,0.7955,0.904,1.157,1.853,2.2695,2.407,2.426
2015-10-30,CD,0.811,0.8552,0.9542,1.2107,1.9195,2.3428,2.4761,2.494
2015-11-30,CD,0.825,0.8853,0.9815,1.212,1.8825,2.3015,2.436,2.457
2015-12-31,CD,0.7945,0.8346,0.936,1.182,1.879,2.3164,2.4795,2.499
2016-01-29,CD,0.705,0.7045,0.7584,0.9542,1.601,2.0322,2.1835,2.215
2016-02-29,CD,0.806,0.7954,0.807,0.8855,1.3777,1.7501,1.885,1.885
2016-03-31,CD,0.8806,0.8685,0.885,0.9732,1.494,1.887,2.0297,2.054
2016-04-29,CD,1.0088,1.0424,1.0745,1.1961,1.6978,2.0933,2.237,2.218
2016-05-31,CD,0.955,0.9883,1.016,1.1096,1.5674,1.9377,2.0766,2.037
2016-06-30,CD,0.873,0.8595,0.8683,0.9215,1.2937,1.6474,1.7793,1.726
2016-07-29,CD,0.9173,0.9054,0.9072,0.9456,1.261,1.5862,1.706,1.636
2016-08-31,CD,0.9096,0.9262,0.938,0.9695,1.2463,1.527,1.6314,1.5465
2016-09-30,CD,0.878,0.882,0.9035,0.961,1.251,1.5372,1.653,1.584
2016-10-31,CD,0.884,0.9004,0.942,1.0352,1.446,1.774,1.8825,1.817
2016-11-30,CD,0.925,1.0226,1.132,1.3289,1.812,2.142,2.253,2.207
2016-12-30,CD,0.975,1.1011,1.243,1.4616,1.926,2.259,2.3792,2.323
2017-01-31,CD,0.992,1.1002,1.2359,1.469,1.98,2.33,2.461,2.439
2017-02-28,CD,0.988,1.0892,1.223,1.4275,1.872,2.215,2.3538,2.331
2017-03-31,CD,0.9878,1.11,1.244,1.463,1.902,2.244,2.395,2.374
2017-04-28,CD,0.975,1.0734,1.1809,1.3633,1.7815,2.121,2.2794,2.3005
2017-05-31,CD,0.945,1.0496,1.1543,1.3248,1.74,2.0661,2.2277,2.2159
2017-06-30,CD,1.2678,1.424,1.555,1.751,2.085,2.36,2.479,2.39
2017-07-31,CD,1.485,1.6261,1.7617,1.962,2.307,2.5665,2.6885,2.653
2017-08-31,CD,1.505,1.6112,1.71,1.8595,2.141,2.3909,2.4984,2.4464
2017-09-29,CD,1.7104,1.8736,1.9787,2.1084,2.362,2.577,2.684,2.64
2017-10-31,CD,1.608,1.7553,1.866,2.0084,2.2835,2.497,2.599,2.5499
2017-11-30,CD,1.611,1.7722,1.878,1.9929,2.234,2.43,2.531,2.4728
2017-12-29,CD,1.666,2.0505,2.1538,2.2504,2.397,2.5392,2.6122,2.536
2018-07-31,CD,2.202,2.3984,2.4898,2.59,2.7045,2.794,2.821,2.762
2018-08-31,CD,2.253,2.3981,2.467,2.5299,2.624,2.713,2.7525,2.704
2018-09-28,CD,2.363,2.546,2.6218,2.7029,2.8162,2.9015,2.9282,2.886
2018-10-31,CD,2.51,2.6836,2.748,2.8049,2.9085,3.005,3.0359,3
2018-11-30,CD,2.418,2.514,2.558,2.6004,2.7345,2.847,2.903,2.89
2018-12-31,CD,2.2623,2.2392,2.241,2.2875,2.4717,2.6167,2.6781,2.684
2019-01-31,CD,2.1793,2.182,2.1895,2.221,2.3942,2.5515,2.6255,2.628
2019-02-28,CD,2.132,2.1549,2.1756,2.2194,2.4272,2.5917,2.6515,2.6482
2019-03-29,CD,1.9885,1.9109,1.8772,1.904,2.074,2.2563,2.342,2.3154
2019-04-30,CD,1.9735,1.9035,1.889,1.9204,2.1522,2.3638,2.463,2.4634
2019-05-31,CD,1.905,1.769,1.734,1.7406,1.933,2.129,2.2284,2.242
2019-06-28,CD,1.903,1.7775,1.729,1.7123,1.839,2.0187,2.106,2.081
2019-07-31,CD,1.936,1.832,1.794,1.7682,1.877,2.043,2.123,2.0969
2019-08-30,CD,1.786,1.637,1.576,1.5184,1.5665,1.708,1.792,1.762
2019-09-30,CD,1.954,1.8542,1.795,1.7245,1.737,1.8487,1.9058,1.8644
2019-10-31,CD,1.88,1.803,1.783,1.763,1.835,1.966,2.024,1.9866
2019-11-29,CD,1.918,1.864,1.8485,1.8246,1.8855,2.017,2.0668,1.9928
2019-12-31,CD,2.011,2.0085,2.024,2.0551,2.172,2.284,2.333,2.2587
2020-01-31,CD,1.817,1.702,1.6704,1.6341,1.705,1.8535,1.9254,1.8945
2020-02-28,CD,1.542,1.404,1.388,1.4021,1.525,1.6535,1.7345,1.702
2020-03-31,CD,0.755,0.746,0.8154,0.9345,1.106,1.2998,1.42,1.458
2020-04-30,CD,0.591,0.599,0.65,0.7596,1.007,1.2385,1.3645,1.425
2020-05-29,CD,0.5347,0.557,0.618,0.7459,1.001,1.2181,1.356,1.4165
2020-06-30,CD,0.545,0.569,0.6264,0.759,1.0197,1.2408,1.3616,1.3662
2020-07-31,CD,0.526,0.5328,0.5813,0.6983,0.9323,1.151,1.2692,1.2685
2020-08-31,CD,0.513,0.5449,0.607,0.766,1.092,1.3386,1.465,1.49
2020-09-30,CD,0.508,0.54,0.603,0.7554,1.054,1.304,1.434,1.469
2020-10-30,CD,0.478,0.5213,0.601,0.7858,1.158,1.4255,1.5605,1.5954
2020-11-30,CD,0.5,0.5512,0.633,0.8367,1.192,1.4532,1.5784,1.59
2020-12-31,CD,0.457,0.505,0.5973,0.8072,1.205,1.4957,1.6272,1.65
2021-01-29,CD,0.446,0.495,0.6104,0.8866,1.375,1.706,1.8474,1.8739
2021-02-26,CD,0.478,0.647,0.888,1.3171,1.817,2.12,2.224,2.1482
2021-03-31,CD,0.468,0.622,0.9146,1.4458,2.0715,2.407,2.5177,2.5299
2021-04-30,CD,0.462,0.642,0.937,1.3759,1.9855,2.3027,2.443,2.498
2021-05-31,CD,0.467,0.675,0.949,1.361,1.92,2.2205,2.364,2.4104
2021-06-30,CD,0.52,0.832,1.095,1.446,1.8395,2.0983,2.2117,2.2345
2021-07-30,CD,0.514,0.7828,1.0023,1.2708,1.6619,1.9236,2.0703,2.165
2021-08-31,CD,0.533,0.804,1.0365,1.3125,1.6935,1.9489,2.09,2.1586
2021-09-30,CD,0.6,0.958,1.2247,1.5591,1.963,2.2106,2.3313,2.3824
2021-10-29,CD,0.994,1.587,1.8275,1.991,2.201,2.3635,2.4322,2.3636
2021-11-30,CD,1.02,1.516,1.7483,1.8618,2.0265,2.1585,2.2235,2.1529
2021-12-31,CD,1.07,1.5205,1.7409,1.8093,1.9657,2.102,2.1619,2.0895
2022-01-31,CD,1.363,1.832,2.032,2.1194,2.286,2.447,2.537,2.509
2022-02-28,CD,1.533,1.9496,2.0946,2.1471,2.3381,2.531,2.568,2.498
2022-03-31,CD,2.186,2.725,2.8304,2.808,2.8857,3.003,3.035,2.882
2022-04-29,CD,2.762,3.1108,3.171,3.167,3.334,3.463,3.466,3.251
2022-05-31,CD,2.857,3.0859,3.1255,3.129,3.339,3.471,3.478,3.265
2022-06-30,CD,3.462,3.5435,3.525,3.48,3.666,3.781,3.7828,3.54
2022-07-29,CD,3.676,3.365,3.1805,2.981,3.117,3.285,3.347,3.2155
2022-08-31,CD,4.138,4.139,3.97,3.6647,3.6218,3.727,3.727,3.4672
2022-09-30,CD,4.412,4.2529,4.021,3.73,3.682,3.782,3.778,3.5143
2022-10-31,CD,4.661,4.3785,4.1056,3.767,3.765,3.866,3.882,3.625
2022-11-30,CD,4.767,4.3293,3.9489,3.5148,3.4231,3.53,3.565,3.326
2022-12-30,CD,4.921,4.4968,4.1265,3.751,3.7417,3.891,3.904,3.6401
2010-01-29,DK,1.835,2.19,2.51,2.985,3.6875,3.985,4.0875,3.98
2010-02-26,DK,1.734,1.99,2.3,2.835,3.6125,3.935,4.025,3.88
2010-03-31,DK,1.692,1.9375,2.24,2.77,3.5475,3.8825,3.9925,3.855
2010-04-30,DK,1.662,1.865,2.1533,2.6775,3.4375,3.7775,3.8525,3.6955
2010-05-31,DK,1.544,1.673,1.903,2.4,3.1255,3.439,3.501,3.316
2010-06-30,DK,1.593,1.6995,1.8625,2.285,3.046,3.385,3.46,3.294
2010-07-30,DK,1.56,1.7518,1.9758,2.403,3.129,3.486,3.604,3.463
2010-08-31,DK,1.5055,1.5743,1.68,1.976,2.51,2.74,2.8455,2.7085
2010-09-30,DK,1.6405,1.806,1.9563,2.245,2.7738,3.038,3.125,2.952
2010-10-29,DK,1.7135,1.9165,2.0975,2.4463,2.99,3.255,3.285,3.0745
2010-11-30,DK,1.683,1.8915,2.0938,2.5788,3.2395,3.541,3.56,3.2985
2010-12-31,DK,1.643,2.0315,2.3263,2.7888,3.5135,3.804,3.865,3.6225
2011-01-31,DK,1.759,2.284,2.6163,3.0738,3.609,3.918,3.938,3.754
2011-02-28,DK,1.715,2.378,2.675,3.0938,3.6135,3.877,3.923,3.751
2011-03-31,DK,2.071,2.596,2.9238,3.3388,3.8338,4.076,4.1463,3.9465
2011-04-29,DK,2.037,2.5638,2.844,3.2638,3.7485,3.991,4.08,3.9268
2011-05-31,DK,1.978,2.3225,2.545,2.955,3.5105,3.8,3.8645,3.7233
2011-06-30,DK,2.0075,2.39,2.614,3.023,3.6175,3.905,4.0225,3.959
2011-08-31,DK,1.592,1.718,1.84,2.335,2.984,3.359,3.3875,3.26
2011-09-30,DK,1.46,1.4375,1.5766,1.954,2.545,2.803,2.83,2.7
2011-10-31,DK,1.4625,1.5525,1.6825,2.066,2.661,2.94,2.9737,2.8215
2011-11-30,DK,1.288,1.3181,1.464,1.9286,2.57,2.84,2.8425,2.634
2011-12-30,DK,1.1301,1.097,1.1921,1.574,2.236,2.515,2.5375,2.3975
2012-01-31,DK,1.1725,1.075,1.134,1.51,2.221,2.535,2.57,2.4425
2012-02-29,DK,1.1625,1.177,1.272,1.6275,2.33,2.6325,2.681,2.583
2012-03-30,DK,1.166,1.1771,1.3011,1.66,2.363,2.685,2.7314,2.6115
2012-04-30,DK,1.094,1.0441,1.1525,1.522,2.278,2.6247,2.6841,2.5836
2012-05-31,DK,0.883,0.815,0.87,1.12,1.635,1.8725,1.89,1.826
2012-06-29,DK,0.7458,0.752,0.8725,1.252,1.98,2.298,2.329,2.32
2012-07-31,DK,0.525,0.516,0.619,0.973,1.776,2.14,2.194,2.235
2012-08-31,DK,0.548,0.55,0.651,0.99,1.759,2.1275,2.2054,2.2275
2012-09-28,DK,0.587,0.6275,0.735,1.108,1.855,2.246,2.345,2.3725
2012-10-31,DK,0.619,0.702,0.826,1.169,1.913,2.294,2.393,2.395
2012-11-30,DK,0.426,0.565,0.666,0.996,1.758,2.169,2.289,2.3135
2012-12-31,DK,0.433,0.557,0.655,0.919,1.6725,2.09,2.235,2.2737
2013-01-31,DK,0.632,0.921,1.078,1.394,2.074,2.4075,2.497,2.5163
2013-02-28,DK,0.547,0.647,0.773,1.111,1.905,2.317,2.427,2.46
2013-03-29,DK,0.461,0.656,0.766,1.082,1.814,2.212,2.344,2.37
2013-04-30,DK,0.477,0.5465,0.631,0.9095,1.606,2.016,2.147,2.197
2013-05-31,DK,0.474,0.596,0.748,1.114,1.8915,2.298,2.43,2.45
2013-06-28,DK,0.514,0.817,1.011,1.462,2.2175,2.558,2.626,2.5875
2013-07-31,DK,0.492,0.756,0.951,1.421,2.1975,2.567,2.641,2.575
2013-08-30,DK,0.649,0.878,1.121,1.65,2.457,2.8275,2.8725,2.7815
2013-09-30,DK,0.632,0.805,1.0225,1.5295,2.3525,2.7275,2.8075,2.7625
2013-10-31,DK,0.582,0.719,0.91,1.366,2.199,2.617,2.74,2.743
2013-11-29,DK,0.5025,0.614,0.797,1.263,2.19,2.63,2.766,2.7581
2013-12-31,DK,0.537,0.716,0.957,1.5,2.393,2.805,2.918,2.898
2014-01-31,DK,0.5385,0.637,0.815,1.281,2.158,2.585,2.725,2.733
2014-02-28,DK,0.5319,0.653,0.837,1.262,2.114,2.546,2.694,2.712
2014-03-31,DK,0.5585,0.663,0.83,1.222,2.046,2.493,2.651,2.67
2014-04-30,DK,0.5505,0.629,0.763,1.152,1.968,2.403,2.562,2.604
2014-05-30,DK,0.508,0.54,0.653,0.993,1.822,2.28,2.443,2.496
2014-06-30,DK,0.548,0.571,0.654,0.94,1.757,2.207,2.386,2.446
2014-07-31,DK,0.5735,0.612,0.687,0.944,1.694,2.122,2.292,2.354
2014-08-29,DK,0.5195,0.544,0.611,0.81,1.427,1.805,1.985,2.095
2014-09-30,DK,0.443,0.471,0.529,0.746,1.463,1.897,2.094,2.1925
2014-10-31,DK,0.455,0.486,0.539,0.725,1.38,1.785,1.9725,2.085
2014-11-28,DK,0.4535,0.477,0.532,0.684,1.2181,1.595,1.78,1.8888
2014-12-31,DK,0.408,0.4225,0.4815,0.652,1.1354,1.4503,1.61,1.7
2015-01-30,DK,0.052,0.103,0.186,0.3725,0.835,1.12,1.25,1.325
2015-02-27,DK,-0.0023,0.087,0.18,0.37,0.8225,1.09,1.23,1.3325
2015-03-31,DK,0.072,0.158,0.2425,0.43,0.8097,0.9726,1.03,1.0425
2015-04-30,DK,0.0227,0.124,0.235,0.47,0.9147,1.129,1.24,1.285
2015-05-29,DK,0.099,0.211,0.3125,0.549,1.13,1.415,1.5225,1.545
2015-06-30,DK,0.0985,0.25,0.41,0.755,1.4825,1.836,1.9525,1.975
2015-07-31,DK,0.1715,0.274,0.3844,0.69,1.318,1.653,1.789,1.807
2015-08-31,DK,0.2125,0.35,0.455,0.7675,1.44,1.772,1.925,1.9575
2015-09-30,DK,0.2245,0.3095,0.415,0.6815,1.308,1.665,1.8125,1.8485
2015-10-30,DK,0.1195,0.205,0.3275,0.6,1.247,1.6222,1.775,1.805
2015-11-30,DK,0.043,0.08,0.176,0.4605,1.165,1.5675,1.745,1.798
2015-12-31,DK,0.118,0.1986,0.3305,0.64,1.329,1.717,1.881,1.9075
2016-01-29,DK,0.0955,0.1195,0.1875,0.41,1.035,1.41,1.554,1.575
2016-02-29,DK,0.0603,0.075,0.1339,0.319,0.87,1.1875,1.306,1.323
2016-03-31,DK,0.0865,0.1185,0.175,0.3475,0.893,1.23,1.349,1.38
2016-04-29,DK,0.0642,0.13,0.197,0.3902,1.003,1.3988,1.5484,1.605
2016-06-30,DK,-0.0172,-0.0175,0.0175,0.18,0.6448,0.9663,1.077,1.1
2016-07-29,DK,-0.0381,-0.0134,0.011,0.1315,0.5638,0.875,0.9863,1.0075
2016-08-31,DK,-0.0346,-0.0095,0.0275,0.1315,0.58,0.867,1.0056,1.035
2016-09-30,DK,-0.0252,-0.02,0.0075,0.115,0.555,0.8705,0.9907,1.0215
2016-10-31,DK,-0.0081,0.0372,0.1005,0.2595,0.7775,1.095,1.219,1.25
2016-11-30,DK,0.002,0.0525,0.119,0.3295,0.955,1.296,1.443,1.495
2016-12-30,DK,-0.027,0.0345,0.114,0.3275,0.929,1.29,1.4371,1.4943
2017-01-31,DK,-0.0399,0.035,0.15,0.423,1.0975,1.48,1.637,1.71
2017-02-28,DK,-0.0768,-0.0295,0.0525,0.2725,0.905,1.2995,1.464,1.5413
2017-03-31,DK,-0.0659,0.0255,0.1395,0.3895,1.02,1.3978,1.555,1.6375
2017-04-28,DK,-0.0611,0.03,0.1475,0.4125,1.046,1.42,1.5779,1.6509
2017-05-31,DK,-0.0595,0.0133,0.12,0.3725,1.025,1.425,1.5984,1.6875
2017-06-30,DK,-0.0424,0.0625,0.2005,0.4845,1.1388,1.518,1.6875,1.77
2017-07-31,DK,-0.0647,0.0365,0.1735,0.4875,1.1775,1.5784,1.7528,1.8365
2017-08-31,DK,-0.1247,-0.0375,0.075,0.3378,0.9975,1.4,1.575,1.665
2017-09-29,DK,-0.1353,-0.0375,0.098,0.4175,1.1,1.5075,1.68,1.775
2017-10-31,DK,-0.1422,-0.065,0.065,0.358,1.0299,1.4404,1.6205,1.7213
2017-11-30,DK,-0.1413,-0.0575,0.085,0.3954,1.01,1.3925,1.568,1.667
2017-12-29,DK,-0.147,-0.0345,0.136,0.4556,1.049,1.4175,1.5775,1.655
2018-01-31,DK,-0.1454,-0.0051,0.202,0.6052,1.214,1.525,1.655,1.691
2018-02-28,DK,-0.1287,0.0082,0.2129,0.6012,1.262,1.593,1.735,1.7677
2018-03-30,DK,-0.1361,-0.026,0.157,0.5125,1.142,1.4679,1.5975,1.6311
2018-04-30,DK,-0.1173,-0.002,0.181,0.5349,1.1695,1.501,1.642,1.6797
2018-05-31,DK,-0.1107,-0.016,0.1184,0.4372,1.0467,1.3961,1.5483,1.5974
2018-06-29,DK,-0.1309,-0.054,0.0895,0.3902,1.0199,1.3749,1.5289,1.5629
2018-07-31,DK,-0.1264,-0.0243,0.1354,0.4634,1.0787,1.4215,1.5775,1.6312
2018-08-31,DK,-0.1209,-0.0216,0.1205,0.4085,1.0085,1.3569,1.5223,1.5668
2018-09-28,DK,-0.1136,0.028,0.2065,0.5249,1.116,1.4461,1.5894,1.6264
2018-10-31,DK,-0.1298,0.004,0.168,0.4858,1.0968,1.4262,1.5649,1.5949
2018-11-30,DK,-0.1277,-0.032,0.115,0.4204,1.018,1.3687,1.5205,1.5545
2018-12-31,DK,-0.0988,-0.0311,0.082,0.3576,0.9714,1.3155,1.4615,1.488
2019-01-31,DK,-0.122,-0.0455,0.0525,0.2625,0.8078,1.1504,1.2998,1.3326
2019-02-28,DK,-0.1281,-0.0445,0.0595,0.2835,0.8176,1.1695,1.3256,1.375
2019-03-29,DK,-0.1507,-0.1145,-0.0422,0.1255,0.5836,0.9212,1.0782,1.1424
2019-04-30,DK,-0.1711,-0.1202,-0.0455,0.1291,0.6262,0.9641,1.128,1.1878
2019-05-31,DK,-0.2011,-0.1998,-0.1467,0.0165,0.46,0.7932,0.9605,1.026
2019-06-28,DK,-0.2879,-0.302,-0.273,-0.1493,0.2581,0.5637,0.7201,0.7766
2019-07-31,DK,-0.3195,-0.3431,-0.3241,-0.2379,0.1265,0.4124,0.562,0.6206
2019-08-30,DK,-0.4085,-0.4595,-0.4659,-0.427,-0.1801,0.0189,0.1192,0.1522
2019-09-30,DK,-0.34,-0.369,-0.368,-0.3165,-0.0652,0.1569,0.2606,0.2781
2019-10-31,DK,-0.2819,-0.278,-0.249,-0.1671,0.1209,0.351,0.4667,0.4825
2019-11-29,DK,-0.2422,-0.2246,-0.196,-0.1159,0.1674,0.3885,0.4996,0.508
2019-12-31,DK,-0.217,-0.166,-0.11,0.0186,0.3256,0.5638,0.6743,0.684
2020-01-31,DK,-0.265,-0.26,-0.2368,-0.1778,0.0536,0.2702,0.3713,0.3788
2020-02-28,DK,-0.3109,-0.3151,-0.2987,-0.2399,-0.055,0.1256,0.2103,0.191
2020-03-31,DK,-0.0333,-0.05,-0.039,0.028,0.2336,0.3874,0.4285,0.3371
2020-04-30,DK,-0.0739,-0.13,-0.1348,-0.1156,0.0469,0.179,0.2051,0.0874
2020-05-29,DK,-0.05,-0.104,-0.1092,-0.0835,0.063,0.2008,0.248,0.1813
2020-06-30,DK,-0.0955,-0.141,-0.153,-0.129,0.035,0.1795,0.2345,0.175
2020-07-31,DK,-0.1016,-0.1615,-0.181,-0.173,-0.0196,0.1233,0.1715,0.0971
2020-08-31,DK,-0.1215,-0.1495,-0.1549,-0.1184,0.0751,0.2486,0.3225,0.2825
2020-09-30,DK,-0.1375,-0.188,-0.203,-0.176,-0.014,0.1374,0.1924,0.1386
2020-10-30,DK,-0.178,-0.2275,-0.2493,-0.2297,-0.054,0.1022,0.1547,0.1011
2020-11-30,DK,-0.1383,-0.1822,-0.199,-0.188,-0.025,0.1242,0.184,0.146
2020-12-31,DK,-0.1505,-0.1735,-0.18,-0.167,-0.0202,0.1263,0.1779,0.1345
2021-01-29,DK,-0.1585,-0.18,-0.18,-0.1436,0.0575,0.2358,0.3065,0.2929
2021-02-26,DK,-0.1045,-0.1018,-0.0778,0.0201,0.3107,0.5058,0.5844,0.5524
2021-03-31,DK,-0.139,-0.145,-0.1301,-0.0178,0.3354,0.5775,0.6767,0.677
2021-04-30,DK,-0.1375,-0.134,-0.0978,0.047,0.418,0.672,0.779,0.7718
2021-05-31,DK,-0.1257,-0.1155,-0.0696,0.0607,0.421,0.6714,0.7776,0.7715
2021-06-30,DK,-0.1198,-0.1026,-0.053,0.073,0.4045,0.6413,0.7515,0.7345
2021-07-30,DK,-0.1384,-0.134,-0.1083,-0.0342,0.2292,0.4576,0.5516,0.5182
2021-08-31,DK,-0.1337,-0.123,-0.094,-0.003,0.2659,0.4811,0.5818,0.5469
2021-09-30,DK,-0.1519,-0.1027,-0.035,0.1125,0.445,0.6653,0.7573,0.7219
2021-10-29,DK,-0.1295,0.047,0.186,0.319,0.5486,0.6636,0.6677,0.5282
2021-11-30,DK,-0.1766,-0.0818,0.0189,0.141,0.374,0.5324,0.5545,0.447
2021-12-31,DK,-0.1741,-0.023,0.1097,0.2605,0.5242,0.6948,0.7372,0.6485
2022-01-31,DK,-0.1089,0.153,0.325,0.4725,0.6815,0.7982,0.8128,0.6914
2022-02-28,DK,-0.0397,0.3425,0.5665,0.7778,1.0749,1.203,1.178,1.0212
2022-03-31,DK,0.2128,0.8257,1.0923,1.2705,1.441,1.5272,1.46,1.237
2022-04-29,DK,0.5517,1.2405,1.4855,1.716,1.996,2.0514,2.02,1.719
2022-05-31,DK,0.7918,1.376,1.592,1.805,2.127,2.2736,2.2048,1.974
2022-06-30,DK,1.176,1.671,1.892,2.128,2.485,2.6595,2.5654,2.2608
2022-07-29,DK,1.2355,1.407,1.4765,1.633,1.927,2.077,2.002,1.7596
2022-08-31,DK,2.1768,2.483,2.5047,2.5596,2.681,2.7355,2.607,2.29
2022-09-30,DK,2.7836,3.1161,3.1849,3.259,3.3622,3.345,3.1059,2.642
2022-10-31,DK,2.8798,3.095,3.125,3.14,3.206,3.236,3.056,2.6472
2022-11-30,DK,2.9688,3.0204,2.9205,2.813,2.804,2.785,2.6,2.209
2022-12-30,DK,3.4748,3.5654,3.467,3.378,3.3145,3.2492,3.0433,2.6434
2010-01-29,EU,1.1995,1.646,2.027,2.5883,3.39,3.773,3.895,3.8125
2010-02-26,EU,1.0898,1.4493,1.828,2.447,3.341,3.721,3.829,3.716
2010-03-31,EU,1.085,1.443,1.797,2.3885,3.275,3.665,3.793,3.688
2010-04-30,EU,1.135,1.4163,1.74,2.32,3.184,3.5675,3.6685,3.545
2010-05-31,EU,1.1145,1.3355,1.594,2.125,2.9348,3.281,3.3505,3.2
2010-06-30,EU,1.172,1.355,1.5825,2.071,2.8863,3.252,3.3543,3.212
2010-07-30,EU,1.207,1.417,1.658,2.141,2.9465,3.334,3.467,3.351
2010-08-31,EU,1.1455,1.229,1.3715,1.708,2.328,2.6025,2.695,2.5688
2010-09-30,EU,1.28,1.467,1.631,1.967,2.578,2.88,2.976,2.833
2010-10-29,EU,1.3928,1.59,1.7799,2.1545,2.7895,3.0925,3.1435,2.952
2010-11-30,EU,1.361,1.553,1.7835,2.294,3.054,3.388,3.433,3.194
2010-12-31,EU,1.311,1.5505,1.898,2.491,3.299,3.64,3.702,3.501
2011-01-31,EU,1.5825,2.013,2.3525,2.834,3.455,3.7688,3.8283,3.67
2011-02-28,EU,1.6735,2.0965,2.378,2.82,3.4196,3.7235,3.7933,3.644
2011-03-31,EU,1.883,2.3525,2.673,3.096,3.645,3.944,4.024,3.879
2011-04-29,EU,1.9555,2.3345,2.612,3.026,3.551,3.8385,3.9155,3.789
2011-05-31,EU,1.909,2.1545,2.372,2.7745,3.353,3.671,3.7565,3.625
2011-06-30,EU,1.973,2.1775,2.389,2.817,3.426,3.768,3.8805,3.828
2011-07-29,EU,1.8635,1.906,2.065,2.48,3.149,3.49,3.542,3.433
2011-08-31,EU,1.618,1.571,1.717,2.183,2.857,3.224,3.309,3.196
2011-09-30,EU,1.593,1.502,1.594,1.966,2.537,2.805,2.83,2.718
2011-10-31,EU,1.596,1.494,1.598,1.862,2.469,2.775,2.853,2.752
2011-11-30,EU,1.495,1.439,1.591,2.039,2.73,3.022,3.029,2.86
2011-12-30,EU,1.42,1.3125,1.381,1.705,2.379,2.659,2.685,2.5586
2012-01-31,EU,1.242,1.128,1.183,1.534,2.24,2.551,2.59,2.467
2012-02-29,EU,1.1455,1.1075,1.199,1.55,2.261,2.5665,2.621,2.517
2012-03-30,EU,1.031,1.0795,1.201,1.5913,2.308,2.601,2.68,2.568
2012-04-30,EU,0.925,0.928,1.04,1.4203,2.1902,2.535,2.6002,2.5002
2012-05-31,EU,0.887,0.862,0.917,1.1692,1.681,1.915,1.931,1.8612
2012-06-29,EU,0.853,0.8555,0.9509,1.306,1.9831,2.2827,2.3034,2.2873
2012-07-31,EU,0.605,0.6117,0.69,1.02,1.7717,2.124,2.181,2.207
2012-08-31,EU,0.494,0.4989,0.5897,0.934,1.7126,2.087,2.153,2.1866
2012-09-28,EU,0.409,0.457,0.5706,0.947,1.751,2.166,2.2771,2.327
2012-10-31,EU,0.401,0.4736,0.5935,0.9545,1.7695,2.1917,2.3101,2.3415
2012-11-30,EU,0.353,0.4096,0.5182,0.852,1.6652,2.1062,2.2418,2.2908
2012-12-31,EU,0.326,0.375,0.469,0.77,1.57,2.01,2.163,2.233
2013-01-31,EU,0.512,0.698,0.8531,1.1875,1.907,2.277,2.3964,2.433
2013-02-28,EU,0.355,0.444,0.571,0.918,1.748,2.1908,2.344,2.3949
2013-03-29,EU,0.408,0.498,0.607,0.92,1.673,2.101,2.2535,2.321
2013-04-30,EU,0.328,0.392,0.474,0.751,1.476,1.911,2.067,2.149
2013-05-31,EU,0.33,0.4385,0.5825,0.933,1.7268,2.169,2.3298,2.3948
2013-06-28,EU,0.438,0.598,0.7865,1.221,2.005,2.382,2.49,2.505
2013-07-31,EU,0.409,0.553,0.717,1.1623,1.9582,2.365,2.4752,2.4822
2013-08-30,EU,0.442,0.626,0.863,1.365,2.1905,2.599,2.7135,2.7135
2013-09-30,EU,0.415,0.55,0.7455,1.218,2.061,2.474,2.596,2.612
2013-10-31,EU,0.385,0.493,0.658,1.099,1.97,2.415,2.566,2.62
2013-11-29,EU,0.353,0.4305,0.5965,1.054,1.968,2.429,2.578,2.61
2013-12-31,EU,0.414,0.53,0.755,1.2591,2.1551,2.583,2.716,2.7309
2014-01-31,EU,0.378,0.436,0.5826,1.015,1.88,2.334,2.483,2.5101
2014-02-28,EU,0.394,0.461,0.606,0.9999,1.84,2.282,2.438,2.485
2014-03-31,EU,0.412,0.478,0.6114,0.9718,1.7815,2.228,2.391,2.448
2014-04-30,EU,0.4108,0.448,0.57,0.9156,1.707,2.145,2.308,2.367
2014-05-30,EU,0.355,0.37,0.458,0.762,1.556,2.011,2.189,2.258
2014-06-30,EU,0.289,0.311,0.3855,0.6542,1.44,1.896,2.088,2.182
2014-07-31,EU,0.308,0.336,0.4059,0.648,1.3745,1.8035,1.986,2.073
2014-08-29,EU,0.247,0.2655,0.321,0.5035,1.0895,1.464,1.6415,1.76
2014-09-30,EU,0.175,0.1928,0.247,0.446,1.139,1.579,1.7905,1.913
2014-10-31,EU,0.193,0.218,0.2689,0.437,1.0645,1.476,1.681,1.81
2014-11-28,EU,0.182,0.208,0.257,0.3969,0.908,1.29,1.4882,1.624
2014-12-31,EU,0.164,0.182,0.2204,0.3581,0.819,1.1527,1.325,1.467
2015-01-30,EU,0.14,0.152,0.1912,0.301,0.67,0.927,1.068,1.176
2015-02-27,EU,0.095,0.098,0.1349,0.268,0.6829,0.9559,1.1,1.2209
2015-03-31,EU,0.08,0.0827,0.121,0.2445,0.556,0.721,0.781,0.804
2015-04-30,EU,0.0695,0.093,0.152,0.2929,0.654,0.8609,0.9579,1.0159
2015-05-29,EU,0.071,0.101,0.165,0.35,0.8525,1.1295,1.241,1.2876
2015-06-30,EU,0.076,0.125,0.2228,0.5005,1.15,1.499,1.64,1.69
2015-07-31,EU,0.0535,0.094,0.169,0.3985,0.9847,1.3153,1.451,1.4888
2015-08-31,EU,0.047,0.137,0.1835,0.4678,1.1296,1.4748,1.6138,1.6498
2015-09-30,EU,0.024,0.048,0.122,0.347,0.9636,1.3294,1.4846,1.5244
2015-10-30,EU,-0.028,-0.0204,0.0416,0.2709,0.9007,1.2766,1.442,1.501
2015-11-30,EU,-0.101,-0.119,-0.0635,0.1719,0.843,1.255,1.439,1.5
2015-12-31,EU,-0.057,-0.035,0.0625,0.3318,1.001,1.3987,1.5664,1.6076
2016-01-29,EU,-0.154,-0.173,-0.121,0.0775,0.672,1.0465,1.2055,1.258
2016-02-29,EU,-0.19,-0.216,-0.1846,-0.0325,0.4985,0.8295,0.954,0.994
2016-03-31,EU,-0.147,-0.151,-0.115,0.023,0.551,0.8686,0.9936,1.0246
2016-04-29,EU,-0.145,-0.134,-0.091,0.073,0.66,1.0365,1.191,1.235
2016-05-31,EU,-0.161,-0.161,-0.13,0.0062,0.54,0.911,1.064,1.114
2016-06-30,EU,-0.193,-0.201,-0.2017,-0.077,0.408,0.726,0.842,0.8621
2016-07-29,EU,-0.201,-0.2174,-0.2173,-0.152,0.264,0.5686,0.686,0.7056
2016-08-31,EU,-0.203,-0.21,-0.195,-0.123,0.289,0.5873,0.714,0.743
2016-09-30,EU,-0.207,-0.222,-0.217,-0.14,0.272,0.5928,0.722,0.766
2016-10-31,EU,-0.194,-0.16,-0.1165,0.0114,0.504,0.832,0.961,1
2016-11-30,EU,-0.199,-0.158,-0.0998,0.087,0.683,1.03,1.174,1.229
2016-12-30,EU,-0.202,-0.1605,-0.1,0.077,0.6605,1.028,1.175,1.2355
2017-01-31,EU,-0.218,-0.155,-0.055,0.188,0.823,1.204,1.364,1.44
2017-02-28,EU,-0.215,-0.167,-0.103,0.078,0.6685,1.055,1.224,1.306
2017-03-31,EU,-0.2173,-0.135,-0.035,0.1835,0.766,1.142,1.303,1.3895
2017-04-28,EU,-0.228,-0.141,-0.036,0.192,0.789,1.168,1.332,1.413
2017-05-31,EU,-0.237,-0.162,-0.0749,0.1643,0.782,1.18,1.358,1.451
2017-06-30,EU,-0.2345,-0.1255,0.0018,0.2755,0.9005,1.281,1.4505,1.536
2017-07-31,EU,-0.2481,-0.153,-0.0218,0.28,0.9503,1.3468,1.521,1.614
2017-08-31,EU,-0.26,-0.1885,-0.0908,0.161,0.792,1.193,1.3733,1.4713
2017-09-29,EU,-0.2555,-0.1655,-0.0435,0.2493,0.909,1.312,1.496,1.5947
2017-10-31,EU,-0.2658,-0.1975,-0.0841,0.1946,0.835,1.242,1.4307,1.539
2017-11-30,EU,-0.26,-0.1805,-0.045,0.2235,0.8295,1.215,1.3948,1.5
2017-12-29,EU,-0.2573,-0.1498,0.013,0.316,0.8863,1.249,1.4165,1.5005
2018-01-31,EU,-0.2645,-0.126,0.0831,0.4745,1.0685,1.378,1.5145,1.556
2018-02-28,EU,-0.2525,-0.1212,0.0785,0.4545,1.083,1.4165,1.56,1.6035
2018-03-30,EU,-0.2614,-0.157,0.0172,0.3642,0.963,1.299,1.4422,1.484
2018-04-30,EU,-0.2571,-0.1434,0.034,0.3865,0.9905,1.324,1.474,1.521
2018-05-31,EU,-0.231,-0.1367,0.0008,0.3005,0.901,1.2475,1.4045,1.4657
2018-06-29,EU,-0.2538,-0.175,-0.0363,0.2628,0.8755,1.2255,1.385,1.4555
2018-07-31,EU,-0.253,-0.1445,0.014,0.332,0.9415,1.292,1.452,1.5202
2018-08-31,EU,-0.2468,-0.1485,-0.0112,0.2734,0.8699,1.228,1.3945,1.468
2018-09-28,EU,-0.2423,-0.1065,0.0675,0.392,0.9867,1.3247,1.4805,1.5365
2018-10-31,EU,-0.2397,-0.1216,0.038,0.3525,0.957,1.301,1.4555,1.507
2018-11-30,EU,-0.24,-0.1525,-0.0185,0.2745,0.8799,1.2369,1.3965,1.4585
2018-12-31,EU,-0.2322,-0.1741,-0.077,0.1979,0.812,1.168,1.324,1.3795
2019-01-31,EU,-0.2237,-0.1657,-0.0785,0.1227,0.6614,1.01,1.171,1.229
2019-02-28,EU,-0.21,-0.138,-0.0431,0.1694,0.7038,1.0615,1.227,1.295
2019-03-29,EU,-0.2297,-0.2012,-0.1398,0.0136,0.472,0.8155,0.9825,1.066
2019-04-30,EU,-0.2308,-0.1922,-0.1293,0.0382,0.5118,0.8561,1.025,1.101
2019-05-31,EU,-0.2774,-0.2757,-0.2313,-0.096,0.335,0.666,0.8345,0.9176
2019-06-28,EU,-0.363,-0.3835,-0.3555,-0.2295,0.1786,0.4895,0.652,0.722
2019-07-31,EU,-0.4209,-0.449,-0.4328,-0.3435,0.009,0.299,0.4575,0.5275
2019-08-30,EU,-0.497,-0.5567,-0.5722,-0.527,-0.2716,-0.0583,0.052,0.1
2019-09-30,EU,-0.4247,-0.453,-0.4535,-0.4075,-0.1516,0.0764,0.1885,0.2214
2019-10-31,EU,-0.361,-0.3647,-0.3413,-0.2616,0.0236,0.268,0.3949,0.4289
2019-11-29,EU,-0.3455,-0.3375,-0.308,-0.2289,0.0542,0.2978,0.4232,0.4557
2019-12-31,EU,-0.3212,-0.2915,-0.2379,-0.1105,0.2115,0.4701,0.6042,0.6211
2020-01-31,EU,-0.3661,-0.372,-0.3555,-0.298,-0.0542,0.178,0.3045,0.3362
2020-02-28,EU,-0.419,-0.4335,-0.4205,-0.3715,-0.18,0.011,0.1196,0.132
2020-03-31,EU,-0.3173,-0.323,-0.3083,-0.2345,-0.02,0.1645,0.228,0.176
2020-04-30,EU,-0.273,-0.344,-0.3528,-0.336,-0.1595,-0.007,0.036,-0.058
2020-05-29,EU,-0.241,-0.2975,-0.3115,-0.288,-0.131,0.023,0.086,0.035
2020-06-30,EU,-0.355,-0.3882,-0.3905,-0.3525,-0.175,0.003,0.0751,0.033
2020-07-31,EU,-0.418,-0.4309,-0.4293,-0.398,-0.229,-0.0651,-0.0027,-0.051
2020-08-31,EU,-0.442,-0.4313,-0.4185,-0.3615,-0.145,0.048,0.129,0.11
2020-09-30,EU,-0.485,-0.4865,-0.477,-0.4265,-0.229,-0.047,0.026,-0.009
2020-10-30,EU,-0.5328,-0.5445,-0.539,-0.49,-0.278,-0.092,-0.018,-0.054
2020-11-30,EU,-0.517,-0.5186,-0.508,-0.458,-0.251,-0.0617,0.0182,-0.0053
2020-12-31,EU,-0.529,-0.521,-0.506,-0.459,-0.2605,-0.0755,0.006,-0.0225
2021-01-29,EU,-0.541,-0.5393,-0.519,-0.4427,-0.188,0.022,0.1198,0.119
2021-02-26,EU,-0.496,-0.4642,-0.4193,-0.2977,0.033,0.27,0.366,0.3583
2021-03-31,EU,-0.5152,-0.4972,-0.4518,-0.3142,0.069,0.341,0.4635,0.4827
2021-04-30,EU,-0.5128,-0.4785,-0.4168,-0.263,0.137,0.411,0.534,0.55
2021-05-31,EU,-0.5068,-0.4686,-0.4078,-0.2613,0.1209,0.3839,0.5003,0.5103
2021-06-30,EU,-0.5049,-0.4583,-0.3965,-0.2566,0.1002,0.3591,0.4742,0.4752
2021-07-30,EU,-0.5206,-0.4942,-0.4551,-0.3633,-0.0711,0.1695,0.274,0.2599
2021-08-31,EU,-0.5157,-0.4803,-0.4348,-0.3312,-0.028,0.212,0.316,0.303
2021-09-30,EU,-0.5022,-0.4292,-0.3512,-0.1927,0.163,0.398,0.4995,0.482
2021-10-29,EU,-0.4425,-0.2236,-0.0751,0.0425,0.2835,0.4023,0.4113,0.29
2021-11-30,EU,-0.4954,-0.3601,-0.2424,-0.1223,0.135,0.2963,0.33,0.2303
2021-12-31,EU,-0.484,-0.2958,-0.147,0.017,0.301,0.49,0.545,0.476
2022-01-31,EU,-0.408,-0.116,0.073,0.235,0.4603,0.5985,0.617,0.505
2022-02-28,EU,-0.361,0.026,0.2544,0.4595,0.79,0.9533,0.922,0.783
2022-03-31,EU,-0.0874,0.535,0.798,0.984,1.1953,1.2917,1.23,1.019
2022-04-29,EU,0.261,0.9712,1.2297,1.433,1.7205,1.8485,1.772,1.488
2022-05-31,EU,0.4774,1.0795,1.2917,1.5029,1.8489,1.999,1.943,1.727
2022-06-30,EU,0.8446,1.3642,1.549,1.791,2.165,2.348,2.265,1.984
2022-07-29,EU,0.957,1.124,1.189,1.338,1.646,1.8105,1.757,1.518
2022-08-31,EU,1.845,2.179,2.21,2.261,2.4158,2.4865,2.375,2.052
2022-09-30,EU,2.486,2.8238,2.894,2.966,3.075,3.066,2.8815,2.398
2022-10-31,EU,2.6425,2.877,2.9075,2.9332,3.0315,3.067,2.879,2.4997
2022-11-30,EU,2.8011,2.858,2.767,2.658,2.6559,2.6512,2.463,2.084
2022-12-30,EU,3.2787,3.395,3.311,3.239,3.2028,3.142,2.9306,2.533
2010-01-29,JY,0.103,0.1455,0.2065,0.4025,1.0525,1.475,1.685,1.8125
2010-02-26,JY,0.1015,0.13875,0.215,0.3855,1.06375,1.51125,1.74625,1.8725
2010-03-31,JY,0.099,0.135,0.2195,0.4345,1.14,1.6175,1.8475,1.98
2010-04-30,JY,0.1,0.13,0.1985,0.375,1.06,1.53,1.76375,1.8875
2010-05-31,JY,0.098,0.11625,0.2015,0.3625,1.02,1.465,1.68625,1.79375
2010-06-30,JY,0.085,0.1125,0.1425,0.2745,0.8275,1.2475,1.47,1.5625
2010-07-30,JY,0.086,0.1075,0.13425,0.241,0.785,1.1825,1.395,1.49
2010-08-31,JY,0.071,0.08,0.093,0.22,0.7475,1.15,1.3725,1.495
2010-09-30,JY,0.07,0.07375,0.075,0.1665,0.7175,1.15,1.3875,1.5175
2010-10-29,JY,0.0785,0.0845,0.095,0.1925,0.7125,1.1775,1.4425,1.5875
2010-11-30,JY,0.11,0.1375,0.17,0.32125,0.9325,1.36625,1.5875,1.70625
2010-12-31,JY,0.0975,0.13,0.17,0.29375,0.85875,1.265,1.47375,1.55875
2011-01-31,JY,0.09875,0.135,0.1875,0.3425,0.9325,1.3475,1.56375,1.66875
2011-02-28,JY,0.105,0.15,0.22125,0.395,0.98875,1.39125,1.6,1.69375
2011-03-31,JY,0.0825,0.1035,0.145,0.3245,0.935,1.3775,1.595,1.7225
2011-04-29,JY,0.0745,0.0975,0.135,0.2725,0.865,1.3,1.5275,1.67
2011-05-31,JY,0.0775,0.095,0.1275,0.2735,0.82875,1.2425,1.4625,1.585
2011-06-30,JY,0.0775,0.095,0.12375,0.25,0.8175,1.23375,1.4525,1.58125
2011-07-29,JY,0.0775,0.0875,0.10625,0.1925,0.7225,1.1325,1.3475,1.465
2011-08-31,JY,0.0625,0.07,0.08125,0.1775,0.69625,1.1125,1.33,1.44375
2011-09-30,JY,0.06,0.065,0.0875,0.217,0.7025,1.09,1.285,1.38283
2011-10-31,JY,0.0675,0.069,0.09,0.1875,0.7025,1.1075,1.32625,1.4275
2011-11-30,JY,0.05,0.0575,0.08125,0.1875,0.70625,1.09125,1.30625,1.4175
2011-12-30,JY,0.05125,0.0575,0.0675,0.14125,0.5975,0.97875,1.18602,1.28915
2012-01-31,JY,0.06375,0.067,0.07875,0.14375,0.605,1.0075,1.2175,1.34
2012-02-29,JY,0.0675,0.071,0.0775,0.145,0.63125,1.035,1.26,1.39875
2012-03-30,JY,0.07375,0.0775,0.0925,0.184,0.6875,1.1,1.3325,1.47625
2012-04-30,JY,0.07,0.07,0.075,0.12875,0.5775,0.98875,1.22375,1.3775
2012-05-31,JY,0.065,0.0675,0.0725,0.12,0.4925,0.87,1.0875,1.2075
2012-06-29,JY,0.065,0.065,0.0675,0.11875,0.5175,0.92,1.16,1.315
2012-07-31,JY,0.06,0.0575,0.06125,0.1025,0.48,0.88625,1.13,1.27
2012-08-31,JY,0.0675,0.065,0.0675,0.12625,0.51125,0.935,1.17625,1.32125
2012-09-28,JY,0.0675,0.0695,0.06875,0.125,0.5325,0.95625,1.205,1.34375
2012-10-31,JY,0.0675,0.064,0.07,0.13,0.5775,1.05,1.32875,1.5075
2012-11-30,JY,0.064,0.0613,0.0625,0.1025,0.53375,1.02375,1.33125,1.54125
2012-12-31,JY,0.06,0.057,0.061,0.14625,0.66,1.15375,1.4625,1.6925
2013-01-31,JY,0.05875,0.0575,0.06,0.1125,0.6,1.11125,1.455,1.7425
2013-02-28,JY,0.05625,0.05688,0.06125,0.125,0.5525,1.02375,1.34625,1.55125
2013-03-29,JY,0.06125,0.065,0.0713,0.14,0.505,0.9275,1.235,1.45
2013-04-30,JY,0.0775,0.08625,0.11875,0.21625,0.5525,0.97,1.285,1.49
2013-05-31,JY,0.084,0.1035,0.1475,0.30125,0.74875,1.155,1.41688,1.59875
2013-06-28,JY,0.0863,0.11,0.135,0.2675,0.73313,1.15625,1.435,1.6125
2013-07-31,JY,0.08375,0.1,0.1275,0.23125,0.70375,1.135,1.41688,1.605
2013-08-30,JY,0.0788,0.0955,0.12,0.21625,0.64313,1.0675,1.35375,1.545
2013-09-30,JY,0.0725,0.086,0.112,0.20625,0.6075,1.0375,1.325,1.52875
2013-10-31,JY,0.0713,0.08,0.0913,0.16,0.49375,0.91875,1.22,1.42
2013-11-29,JY,0.0675,0.0745,0.085,0.1625,0.525,0.95375,1.27125,1.47375
2013-12-31,JY,0.07,0.081,0.11125,0.23125,0.66875,1.10625,1.3975,1.62375
2014-01-31,JY,0.06875,0.0725,0.09,0.1575,0.54,0.9725,1.25875,1.47875
2014-02-28,JY,0.065,0.0675,0.0775,0.15,0.54375,0.975,1.27187,1.49375
2014-03-31,JY,0.061,0.065,0.08,0.175,0.58625,1.0175,1.32063,1.53875
2014-04-30,JY,0.0625,0.0663,0.08375,0.16625,0.5225,0.945,1.25063,1.48125
2014-05-30,JY,0.06125,0.06375,0.07625,0.13875,0.46438,0.885,1.195,1.43625
2014-06-30,JY,0.06,0.0625,0.068,0.1025,0.44125,0.8575,1.17125,1.43
2014-07-31,JY,0.056,0.05625,0.06,0.10625,0.4125,0.83125,1.14625,1.40875
2014-08-29,JY,0.05625,0.05875,0.06125,0.11125,0.3775,0.775,1.09938,1.37125
2014-09-30,JY,0.0594,0.0625,0.06625,0.125,0.42,0.8225,1.1475,1.4075
2014-10-31,JY,0.046,0.045,0.045,0.0975,0.36,0.74875,1.05188,1.295
2014-11-28,JY,0.05375,0.054,0.055,0.11125,0.3625,0.725,1.01563,1.24563
2014-12-31,JY,0.053,0.053,0.065,0.11,0.33,0.63375,0.89563,1.095
2015-01-30,JY,0.04625,0.0463,0.06,0.12,0.30625,0.6075,0.87063,1.08938
2015-02-27,JY,0.05625,0.05375,0.0569,0.1175,0.36,0.7025,0.9875,1.2225
2015-03-31,JY,0.064,0.075,0.0975,0.1775,0.43,0.7275,0.98813,1.1975
2015-04-30,JY,0.056,0.06,0.077,0.14125,0.40313,0.69875,0.97813,1.1725
2015-05-29,JY,0.055,0.057,0.0675,0.1425,0.42188,0.7725,1.05,1.2825
2015-06-30,JY,0.06,0.0631,0.0875,0.1825,0.49375,0.83,1.09875,1.31875
2015-07-31,JY,0.0631,0.063,0.0675,0.1425,0.4375,0.785,1.05875,1.28625
2015-08-31,JY,0.06375,0.0575,0.06375,0.135,0.43,0.775,1.05,1.29
2015-09-30,JY,0.053,0.04125,0.05,0.1175,0.3875,0.73,1.00313,1.23125
2015-10-30,JY,0.055,0.0413,0.04,0.09125,0.35688,0.69375,0.96375,1.185
2015-11-30,JY,0.05,0.036,0.034,0.07875,0.32875,0.6625,0.93313,1.15625
2015-12-31,JY,0.058,0.04625,0.0444,0.0875,0.30625,0.62,0.87938,1.09125
2016-01-29,JY,-0.05,-0.065,-0.0581,0.02625,0.17563,0.54187,0.74313,0.97375
2016-02-29,JY,-0.2156,-0.304,-0.325,-0.27,-0.02625,0.2475,0.475,0.67
2016-03-31,JY,-0.14,-0.205,-0.2225,-0.15875,0.02875,0.25125,0.40438,0.5125
2016-04-29,JY,-0.185,-0.235,-0.24375,-0.18,0.01625,0.195,0.33,0.45375
2016-05-31,JY,-0.204,-0.26,-0.26875,-0.2175,-0.0325,0.12625,0.26375,0.3825
2016-06-30,JY,-0.2381,-0.293,-0.311,-0.31,-0.19625,-0.11,-0.045,-0.00625
2016-07-29,JY,-0.1625,-0.2125,-0.222,-0.2325,-0.14375,-0.01125,0.07375,0.1175
2016-08-31,JY,-0.172,-0.211,-0.2144,-0.19375,-0.08,0.07625,0.195,0.26875
2016-09-30,JY,-0.157,-0.225,-0.245,-0.238,-0.12125,0.045,0.1681,0.255
2016-10-31,JY,-0.0897,-0.1288,-0.15,-0.15916,-0.09,0.07112,0.205,0.31368
2016-11-30,JY,-0.069,-0.0725,-0.07125,-0.07125,-0.01625,0.14375,0.29,0.41
2016-12-30,JY,-0.04836,-0.0625,-0.07,-0.0625,0.00875,0.19625,0.37749,0.5225
2017-01-31,JY,-0.0325,-0.025,-0.01875,-0.00125,0.07875,0.26125,0.44875,0.58375
2017-02-28,JY,-0.03375,-0.03125,-0.0275,-0.0075,0.075,0.26,0.4356,0.5619
2017-03-31,JY,-0.03192,-0.029,-0.025,0.001,0.095,0.2825,0.455,0.58
2017-04-28,JY,-0.06,-0.06375,-0.06475,-0.05375,0.03125,0.2056,0.3663,0.48882
2017-05-31,JY,-0.05375,-0.048,-0.045,-0.02875,0.0463,0.2106,0.3725,0.5025
2017-06-30,JY,-0.0525,-0.04625,-0.04125,-0.02,0.065,0.23375,0.39125,0.535
2017-07-31,JY,-0.055,-0.0475,-0.03746,-0.00824,0.07029,0.2394,0.4063,0.565
2017-08-31,JY,-0.058,-0.05526,-0.0531,-0.03795,0.03375,0.215,0.39125,0.56375
2017-09-29,JY,-0.057,-0.04625,-0.035,-5e-05,0.0975,0.27216,0.449,0.63894
2017-10-31,JY,-0.0325,-0.0175,-0.005,0.02875,0.13375,0.3206,0.5006,0.68712
2017-11-30,JY,-0.032,-0.019,-0.009,0.025,0.1425,0.33,0.5025,0.6825
2017-12-29,JY,-0.032,-0.0225,-0.00875,0.02125,0.1425,0.33,0.4975,0.67125
2018-01-31,JY,-0.03,-0.01037,0.005,0.04375,0.17,0.3525,0.51773,0.68569
2018-02-28,JY,-0.0325,-0.015,-0.00375,0.02875,0.145,0.31375,0.47125,0.6144
2018-03-30,JY,-0.03375,-0.01875,-0.0075,0.025,0.1431,0.31129,0.46653,0.6238
2018-04-30,JY,-0.0363,-0.017,-0.0019,0.02875,0.15125,0.3275,0.485,0.65
2018-05-31,JY,-0.0406,-0.02741,-0.013,0.019,0.145,0.3175,0.4725,0.6325
2018-06-29,JY,-0.04625,-0.03125,-0.019,0.01319,0.14,0.3119,0.465,0.62625
2018-07-31,JY,-0.05,-0.035,-0.019,0.02125,0.175,0.36625,0.5275,0.695
2018-08-31,JY,-0.04,-0.025,-0.006,0.04,0.21,0.4075,0.575,0.75
2018-09-28,JY,-0.038,-0.019,0.00125,0.05375,0.2325,0.4325,0.60375,0.79
2018-10-31,JY,-0.0375,-0.0225,-0.007,0.0375,0.22,0.435,0.61875,0.805
2018-11-30,JY,-0.048,-0.04,-0.0325,-0.005,0.15625,0.37,0.5525,0.745
2018-12-31,JY,-0.05875,-0.05546,-0.0575,-0.05125,0.09,0.29125,0.46,0.63125
2019-01-31,JY,-0.07625,-0.08539,-0.0925,-0.08875,0.04875,0.24125,0.40125,0.56625
2019-02-28,JY,-0.079,-0.1013,-0.11125,-0.0975,0.06625,0.2581,0.4125,0.56
2019-03-29,JY,-0.08,-0.113,-0.1275,-0.1275,0.0075,0.1775,0.3175,0.45
2019-04-30,JY,-0.0856,-0.10125,-0.112,-0.1025,0.0325,0.2075,0.35125,0.49375
2019-05-31,JY,-0.09,-0.12,-0.137,-0.13375,-0.01375,0.15,0.2802,0.41
2019-06-28,JY,-0.14625,-0.1813,-0.2025,-0.2,-0.0675,0.09125,0.21,0.3219
2019-07-31,JY,-0.14385,-0.17125,-0.184,-0.18625,-0.08,0.06583,0.17708,0.28542
2019-08-30,JY,-0.167,-0.20625,-0.23,-0.24625,-0.1713,-0.0625,0.00875,0.0825
2019-09-30,JY,-0.17875,-0.2106,-0.2269,-0.22125,-0.08625,0.0625,0.17,0.3
2019-10-31,JY,-0.14125,-0.1675,-0.18,-0.175,-0.07875,0.06125,0.14625,0.24875
2019-11-29,JY,-0.0944,-0.10625,-0.1175,-0.11125,-0.01875,0.1175,0.20625,0.31375
2019-12-31,JY,-0.059,-0.0588,-0.054,-0.03875,0.0425,0.1625,0.2525,0.3475
2020-01-31,JY,-0.08125,-0.09875,-0.11375,-0.12,-0.0625,0.06,0.14375,0.24
2020-02-28,JY,-0.12875,-0.175,-0.19375,-0.20625,-0.1325,-0.02875,0.04625,0.1275
2020-03-31,JY,-0.07,-0.0775,-0.085,-0.089,-0.02375,0.085,0.1325,0.19125
2020-04-30,JY,-0.1025,-0.125,-0.14,-0.1475,-0.0725,0.0413,0.1175,0.18125
2020-05-29,JY,-0.08875,-0.105,-0.11375,-0.121,-0.0431,0.065,0.14,0.21375
2020-06-30,JY,-0.07375,-0.08375,-0.0925,-0.095,-0.01375,0.09625,0.17875,0.26625
2020-07-31,JY,-0.0625,-0.0825,-0.095,-0.10875,-0.0575,0.05625,0.13,0.20625
2020-08-31,JY,-0.055,-0.07,-0.07375,-0.0725,0.01375,0.135,0.2325,0.3363
2020-09-30,JY,-0.06625,-0.0944,-0.104,-0.1075,-0.03125,0.095,0.19375,0.31
2020-10-30,JY,-0.06,-0.0725,-0.08,-0.0775,0.00625,0.14,0.24375,0.36625
2020-11-30,JY,-0.05625,-0.0725,-0.08,-0.0775,-0.0025,0.11625,0.21125,0.32875
2020-12-31,JY,-0.0538,-0.07125,-0.08,-0.08,0.00125,0.135,0.24625,0.38625
2021-01-29,JY,-0.05875,-0.08125,-0.0925,-0.0825,0.01625,0.17125,0.30375,0.4525
2021-02-26,JY,-0.04375,-0.0575,-0.0525,-0.015,0.13,0.29,0.4125,0.54875
2021-03-31,JY,-0.035,-0.0525,-0.05625,-0.0325,0.10375,0.255,0.375,0.51125
2021-04-30,JY,-0.038,-0.05675,-0.0604,-0.04061,0.07935,0.2201,0.349,0.489
2021-05-31,JY,-0.04706,-0.04925,-0.05307,-0.03687,0.07059,0.21056,0.3318,0.47429
2021-06-30,JY,-0.0413,-0.0542,-0.06304,-0.05812,0.02682,0.15806,0.27931,0.44055
2021-07-30,JY,-0.055,-0.067,-0.07447,-0.0776,-0.01111,0.10257,0.21441,0.38125
2021-08-31,JY,-0.04875,-0.0584,-0.0652,-0.0694,-0.0022,0.1128,0.2269,0.3902
2021-09-30,JY,-0.027,-0.03,-0.029,-0.022,0.0575,0.1825,0.30375,0.47125
2021-10-29,JY,-0.02125,-0.015,-0.00875,0.005,0.08625,0.2075,0.32344,0.4744
2021-11-30,JY,-0.04375,-0.0416,-0.0416,-0.03375,0.04125,0.1625,0.2825,0.4625
2021-12-31,JY,-0.0375,-0.035,-0.02937,-0.01344,0.07531,0.2025,0.3275,0.50375
2022-01-31,JY,-0.0195,-0.0024,0.015,0.05,0.1701,0.29688,0.41688,0.5825
2022-02-28,JY,-0.00875,0.01124,0.0275,0.0675,0.21125,0.37375,0.51875,0.7
2022-03-31,JY,-0.0049,0.02943,0.0475,0.0975,0.2535,0.40375,0.5325,0.6925
2022-04-29,JY,-0.01125,0.0425,0.08125,0.14875,0.3575,0.52,0.6475,0.7975
2022-05-31,JY,-0.015,0.02875,0.06875,0.13625,0.345,0.53375,0.6875,0.865
2022-06-30,JY,0.00875,0.0625,0.09875,0.16375,0.43,0.645,0.83875,0.99125
2022-07-29,JY,-0.00625,0.01625,0.04125,0.09125,0.305,0.56125,0.77376,0.9775
2022-08-31,JY,0.015,0.06,0.09625,0.16,0.3825,0.60875,0.80375,0.99375
2022-09-30,JY,0.03464,0.1,0.15375,0.24248,0.50125,0.7325,0.92875,1.11375
2022-10-31,JY,0.02073,0.08998,0.15344,0.23875,0.51406,0.8,1.0125,1.2
2022-11-30,JY,0.03708,0.128,0.19378,0.295,0.60125,0.8525,1.05281,1.23875
2022-12-30,JY,0.09662,0.2425,0.37624,0.56624,0.87625,1.08625,1.242,1.3375
2010-01-29,NK,2.917,3.415,3.745,4.115,4.545,4.77,4.8,4.735
2010-02-26,NK,2.761,3.155,3.475,3.855,4.395,4.62,4.64,4.56
2010-03-31,NK,2.811,3.19,3.51,3.91,4.445,4.695,4.71,4.655
2010-04-30,NK,2.847,3.175,3.465,3.825,4.3538,4.635,4.65,4.595
2010-05-31,NK,3.031,3.115,3.275,3.58,4.24,4.515,4.525,4.47
2010-06-30,NK,2.94,3.12,3.34,3.54,4.0875,4.345,4.355,4.3
2010-07-30,NK,2.737,3.1108,3.275,3.515,4.105,4.335,4.345,4.28
2010-08-31,NK,2.721,2.9885,3.0763,3.225,3.645,3.92,3.96,3.9
2010-09-30,NK,2.749,3.1095,3.275,3.545,3.965,4.2525,4.2925,4.255
2010-10-29,NK,2.572,2.905,3.08,3.455,4.085,4.29,4.325,4.32
2010-11-30,NK,2.615,2.9115,3.1113,3.5013,4.1275,4.39,4.42,4.41
2010-12-31,NK,2.7625,3.135,3.395,3.8053,4.4049,4.69,4.73,4.67
2011-01-31,NK,2.855,3.3695,3.6805,4.04,4.465,4.685,4.74,4.63
2011-02-28,NK,2.992,3.5148,3.8255,4.185,4.535,4.79,4.85,4.74
2011-03-31,NK,3.062,3.6305,3.9676,4.305,4.67,4.885,4.955,4.865
2011-04-29,NK,3.086,3.605,3.89,4.215,4.5595,4.775,4.84,4.74
2011-05-31,NK,3.1415,3.5396,3.7385,4,4.385,4.615,4.675,4.6025
2011-06-30,NK,3.2745,3.6175,3.78,3.99,4.375,4.655,4.75,4.64
2011-07-29,NK,3.178,3.425,3.52,3.71,4.135,4.445,4.535,4.46
2011-08-31,NK,3.0755,3.23,3.34,3.566,3.98,4.105,4.1775,4.235
2011-10-31,NK,3.1335,3.0295,3.115,3.4,3.815,3.9,3.895,3.915
2011-11-30,NK,3.06,2.847,2.9495,3.317,3.795,3.875,3.89,3.87
2011-12-30,NK,2.8545,2.745,2.81,3.135,3.565,3.635,3.635,3.65
2012-01-31,NK,2.7655,2.645,2.6945,3.005,3.555,3.76,3.76,3.74
2012-02-29,NK,2.819,2.805,2.87,3.125,3.555,3.735,3.755,3.725
2012-03-30,NK,2.65,2.7475,2.8875,3.1825,3.6375,3.8075,3.8175,3.805
2012-04-30,NK,2.715,2.789,2.905,3.175,3.605,3.7325,3.745,3.705
2012-05-31,NK,2.661,2.6348,2.693,2.8854,3.2258,3.31,3.33,3.295
2012-06-29,NK,2.589,2.57,2.6495,2.895,3.4,3.51,3.51,3.49
2012-07-31,NK,2.301,2.2646,2.325,2.595,3.145,3.26,3.265,3.285
2012-08-31,NK,2.303,2.2875,2.353,2.5952,3.1602,3.3325,3.32,3.3175
2012-09-28,NK,2.152,2.157,2.2447,2.5446,3.192,3.3775,3.3775,3.3675
2012-10-31,NK,2.126,2.17,2.27,2.5775,3.22,3.425,3.425,3.415
2012-11-30,NK,2.114,2.135,2.22,2.505,3.1202,3.345,3.335,3.33
2012-12-31,NK,2.022,2.095,2.1925,2.48,3.125,3.345,3.345,3.34
2013-01-31,NK,2.105,2.28,2.47,2.8297,3.43,3.645,3.65,3.675
2013-02-28,NK,2.04,2.125,2.275,2.621,3.291,3.495,3.525,3.515
2013-03-29,NK,1.95,1.9975,2.125,2.4525,3.165,3.4,3.4175,3.43
2013-04-30,NK,1.852,1.86,1.954,2.2425,2.92,3.155,3.195,3.215
2013-05-31,NK,1.894,1.97,2.09,2.435,3.1175,3.345,3.37,3.37
2013-06-28,NK,1.832,1.9819,2.185,2.6,3.245,3.45,3.475,3.48
2013-07-31,NK,1.834,1.965,2.16,2.605,3.32,3.525,3.555,3.515
2013-08-30,NK,1.921,2.145,2.37,2.81,3.48,3.665,3.675,3.66
2013-09-30,NK,1.913,2.08,2.2975,2.735,3.371,3.515,3.535,3.525
2013-10-31,NK,1.858,2,2.2,2.6,3.255,3.425,3.4325,3.4425
2013-11-29,NK,1.785,1.865,2.04,2.45,3.165,3.375,3.395,3.35
2013-12-31,NK,1.777,1.9,2.115,2.605,3.365,3.5975,3.6075,3.6
2014-01-31,NK,1.734,1.8,1.98,2.395,3.08,3.345,3.3605,3.2855
2014-02-28,NK,1.838,1.94,2.11,2.5204,3.1751,3.445,3.455,3.385
2014-03-31,NK,1.874,1.975,2.145,2.525,3.13,3.38,3.41,3.3355
2014-04-30,NK,1.916,1.98,2.128,2.478,3.09,3.355,3.37,3.3
2014-05-30,NK,1.945,1.977,2.09,2.385,2.965,3.215,3.245,3.24
2014-06-30,NK,1.787,1.775,1.855,2.15,2.792,3.06,3.1,3.11
2014-07-31,NK,1.701,1.71,1.788,2.052,2.655,2.915,2.95,2.96
2014-08-29,NK,1.838,1.862,1.935,2.12,2.585,2.825,2.89,2.89
2014-09-30,NK,1.76,1.7775,1.8575,2.065,2.5625,2.8275,2.8725,2.9
2014-10-31,NK,1.561,1.53,1.589,1.783,2.349,2.6225,2.69,2.7
2014-11-28,NK,1.538,1.48,1.5075,1.6752,2.1751,2.4425,2.52,2.52
2014-12-31,NK,1.2242,1.195,1.22,1.395,1.915,2.175,2.2625,2.2625
2015-01-30,NK,1.0136,0.982,1.005,1.171,1.668,1.913,2.01,2.02
2015-02-27,NK,1.1572,1.13,1.17,1.385,1.865,2.125,2.22,2.22
2015-03-31,NK,1.2272,1.2,1.26,1.475,1.845,2.05,2.1565,2.19
2015-04-30,NK,1.3508,1.365,1.4545,1.7305,2.11,2.2725,2.37,2.385
2015-05-29,NK,1.3208,1.304,1.3876,1.664,2.102,2.254,2.32,2.375
2015-06-30,NK,1.2491,1.275,1.407,1.7967,2.3914,2.54,2.61,2.67
2015-07-31,NK,1.1431,1.155,1.245,1.535,2.1147,2.2775,2.3545,2.39
2015-08-31,NK,0.9993,0.995,1.08,1.37,1.98,2.155,2.245,2.28
2015-09-30,NK,0.9846,0.945,1.005,1.2726,1.9083,2.13,2.2075,2.23
2015-10-30,NK,0.9377,0.94,1.01,1.295,1.905,2.11,2.175,2.202
2015-11-30,NK,0.9453,0.9,0.945,1.195,1.785,2.01,2.072,2.105
2015-12-31,NK,0.9363,0.915,0.98,1.26,1.87,2.095,2.16,2.18
2016-01-29,NK,0.96,0.885,0.905,1.115,1.63,1.837,1.902,1.92
2016-02-29,NK,0.9625,0.8298,0.855,1.055,1.525,1.725,1.803,1.825
2016-03-31,NK,0.93,0.79,0.79,0.945,1.41,1.595,1.655,1.692
2016-04-29,NK,1.0475,0.985,1.0246,1.215,1.695,1.875,1.935,1.974
2016-05-31,NK,1.061,1.0002,1.0347,1.2,1.63,1.795,1.86,1.905
2016-06-30,NK,1.015,0.886,0.865,0.944,1.3304,1.505,1.57,1.615
2016-07-29,NK,1.065,0.9598,0.9326,0.989,1.3225,1.49,1.55,1.595
2016-08-31,NK,1.202,1.132,1.1059,1.128,1.36,1.505,1.575,1.63
2016-09-30,NK,1.271,1.213,1.205,1.25,1.475,1.625,1.698,1.76
2016-10-31,NK,1.22,1.215,1.2353,1.352,1.6503,1.78,1.835,1.925
2016-11-30,NK,1.294,1.295,1.3621,1.55,1.94,2.075,2.131,2.195
2016-12-30,NK,1.301,1.276,1.349,1.555,1.951,2.105,2.175,2.225
2017-01-31,NK,1.21,1.285,1.375,1.6,2.04,2.195,2.245,2.29
2017-02-28,NK,1.24,1.2896,1.37,1.555,1.94,2.103,2.15,2.19
2017-03-31,NK,1.091,1.175,1.2751,1.495,1.915,2.068,2.108,2.1475
2017-04-28,NK,1.131,1.195,1.295,1.52,1.92,2.075,2.125,2.175
2017-05-31,NK,1.05,1.115,1.1995,1.4,1.825,1.985,2.04,2.09
2017-06-30,NK,1.02,1.125,1.248,1.5,1.96,2.127,2.162,2.162
2017-07-31,NK,1.008,1.1275,1.275,1.55,2.015,2.202,2.235,2.235
2017-08-31,NK,0.955,1.075,1.1911,1.41,1.86,2.057,2.092,2.092
2017-09-29,NK,0.941,1.085,1.225,1.49,1.95,2.145,2.1875,2.215
2017-10-31,NK,0.945,1.07,1.2097,1.465,1.922,2.125,2.16,2.19
2017-11-30,NK,0.925,1.035,1.155,1.385,1.8283,2.033,2.068,2.1
2017-12-29,NK,0.988,1.127,1.28,1.543,1.945,2.142,2.177,2.19
2018-01-31,NK,1.024,1.23,1.43,1.76,2.175,2.355,2.395,2.415
2018-02-28,NK,1.191,1.4,1.595,1.925,2.34,2.518,2.558,2.59
2018-03-30,NK,1.321,1.507,1.665,1.91,2.235,2.38,2.42,2.453
2018-04-30,NK,1.312,1.485,1.643,1.91,2.258,2.41,2.45,2.465
2018-05-31,NK,1.228,1.3625,1.5,1.76,2.145,2.29,2.325,2.335
2018-06-29,NK,1.295,1.445,1.575,1.81,2.15,2.295,2.33,2.335
2018-07-31,NK,1.331,1.5355,1.705,1.945,2.26,2.402,2.437,2.448
2018-08-31,NK,1.285,1.462,1.61,1.825,2.152,2.277,2.327,2.365
2018-09-28,NK,1.335,1.553,1.73,1.99,2.307,2.432,2.482,2.51
2018-10-31,NK,1.414,1.585,1.742,1.97,2.3,2.417,2.472,2.515
2018-11-30,NK,1.398,1.53,1.665,1.875,2.19,2.308,2.36,2.4
2018-12-31,NK,1.436,1.525,1.63,1.8,2.0975,2.215,2.27,2.313
2019-01-31,NK,1.496,1.5891,1.67,1.807,2.055,2.1725,2.2275,2.245
2019-02-28,NK,1.489,1.59,1.6825,1.835,2.095,2.21,2.265,2.303
2019-03-29,NK,1.592,1.678,1.725,1.8,1.96,2.067,2.117,2.16
2019-04-30,NK,1.678,1.763,1.8225,1.915,2.1,2.205,2.255,2.303
2019-05-31,NK,1.769,1.809,1.821,1.829,1.94,2.043,2.095,2.145
2019-06-28,NK,1.815,1.79,1.76,1.75,1.84,1.95,2,2.05
2019-07-31,NK,1.851,1.818,1.785,1.743,1.775,1.885,1.94,1.985
2019-08-30,NK,1.78,1.6791,1.6,1.51,1.523,1.585,1.635,1.65
2019-09-30,NK,1.924,1.8647,1.7984,1.71,1.695,1.742,1.765,1.762
2019-10-31,NK,1.981,1.945,1.8975,1.845,1.854,1.889,1.909,1.923
2019-11-29,NK,2.002,1.9644,1.925,1.88,1.89,1.925,1.945,1.957
2019-12-31,NK,1.998,1.9825,1.985,2.005,2.0675,2.11,2.133,2.143
2020-01-31,NK,1.883,1.784,1.725,1.675,1.7175,1.757,1.779,1.7875
2020-02-28,NK,1.679,1.545,1.4925,1.455,1.525,1.565,1.585,1.59
2020-03-31,NK,0.85,0.741,0.73,0.798,1.033,1.138,1.158,1.158
2020-04-30,NK,0.625,0.57,0.58,0.647,0.87,0.98,1.005,1
2020-05-29,NK,0.41,0.398,0.42,0.508,0.795,0.948,0.963,0.945
2020-06-30,NK,0.469,0.473,0.523,0.655,0.9,1.04,1.05,1.05
2020-07-31,NK,0.4,0.423,0.47,0.5825,0.845,0.984,0.994,0.994
2020-08-31,NK,0.374,0.473,0.571,0.75,1.075,1.23,1.248,1.248
2020-09-30,NK,0.38,0.431,0.485,0.606,0.886,1.046,1.056,1.056
2020-10-30,NK,0.457,0.48,0.543,0.685,0.963,1.118,1.133,1.133
2020-11-30,NK,0.42,0.488,0.5925,0.798,1.113,1.272,1.283,1.283
2020-12-31,NK,0.505,0.585,0.715,0.955,1.285,1.442,1.452,1.452
2021-01-29,NK,0.519,0.658,0.8,1.025,1.38,1.525,1.535,1.535
2021-02-26,NK,0.548,0.775,1.008,1.37,1.8,1.973,1.978,1.978
2021-03-31,NK,0.569,0.878,1.13,1.458,1.85,1.999,2.005,2.0125
2021-04-30,NK,0.542,0.836,1.075,1.39,1.785,1.922,1.9175,1.917
2021-05-31,NK,0.586,0.897,1.143,1.44,1.783,1.931,1.921,1.92
2021-06-30,NK,0.685,1.036,1.243,1.46,1.665,1.755,1.753,1.73
2021-07-30,NK,0.73,0.997,1.155,1.312,1.49,1.557,1.55,1.52
2021-08-31,NK,0.8197,1.116,1.285,1.4318,1.5595,1.5644,1.5395,1.4831
2021-09-30,NK,0.9747,1.329,1.5308,1.7193,1.893,1.88,1.839,1.759
2021-10-29,NK,1.2062,1.575,1.7475,1.8766,1.9396,1.919,1.824,1.734
2021-11-30,NK,1.147,1.409,1.542,1.644,1.705,1.6805,1.5952,1.4898
2021-12-31,NK,1.3025,1.615,1.7625,1.87,1.904,1.8618,1.7825,1.7
2022-01-31,NK,1.5601,1.912,2.06,2.145,2.1689,2.151,2.116,2.051
2022-02-28,NK,1.6399,2.0174,2.162,2.2447,2.2839,2.272,2.252,2.217
2022-03-31,NK,1.9829,2.532,2.739,2.8349,2.755,2.645,2.575,2.535
2022-04-29,NK,2.0225,2.59,2.7909,2.8862,2.952,2.852,2.742,2.657
2022-05-31,NK,2.0876,2.59,2.773,2.8501,2.94,2.855,2.74,2.64
2022-06-30,NK,2.8677,3.22,3.287,3.255,3.268,3.168,2.978,2.793
2022-07-29,NK,3.128,3.15,3.085,2.97,2.955,2.9,2.745,2.485
2022-08-31,NK,3.763,3.94,3.896,3.719,3.556,3.478,3.306,3.026
2022-09-30,NK,3.61,3.637,3.605,3.499,3.5203,3.41,3.225,2.835
2022-10-31,NK,3.8906,3.887,3.852,3.773,3.714,3.54,3.3111,2.864
2022-11-30,NK,4.048,3.921,3.747,3.446,3.281,3.146,2.9528,2.501
2022-12-30,NK,3.596,3.4945,3.368,3.255,3.289,3.224,3.1165,2.6409
2010-01-29,SK,0.838,1.5725,2.123,2.771,3.505,3.791,3.905,3.905
2010-02-26,SK,0.893,1.58,2.113,2.714,3.385,3.676,3.775,3.795
2010-03-31,SK,1.009,1.6125,2.0525,2.624,3.31,3.57,3.68,3.695
2010-04-30,SK,0.9913,1.5425,1.95,2.4685,3.105,3.38,3.51,3.515
2010-05-31,SK,1.1075,1.515,1.8295,2.305,2.89,3.209,3.3683,3.3716
2010-06-30,SK,1.2775,1.72,1.995,2.42,3.0063,3.2425,3.42,3.4575
2010-07-30,SK,1.405,1.8045,2.0848,2.4975,3.065,3.3375,3.4975,3.5111
2010-08-31,SK,1.446,1.6955,1.8535,2.083,2.485,2.685,2.8556,2.8917
2010-09-30,SK,1.7275,1.985,2.158,2.46,2.857,3.059,3.2006,3.225
2010-10-29,SK,1.8575,2.0773,2.272,2.6525,3.091,3.325,3.3775,3.3613
2010-11-30,SK,2.0025,2.265,2.4625,2.843,3.303,3.48,3.5638,3.5251
2010-12-31,SK,2.276,2.5825,2.8125,3.2,3.622,3.8275,3.9125,3.8675
2011-01-31,SK,2.5163,2.915,3.1525,3.4508,3.734,3.8775,3.9774,3.9524
2011-02-28,SK,2.7625,3.12,3.3475,3.5613,3.755,3.8725,3.91,3.8827
2011-03-31,SK,2.8613,3.205,3.435,3.6188,3.843,3.905,3.9385,3.91
2011-04-29,SK,2.9113,3.23,3.376,3.6325,3.763,3.8925,3.933,3.8975
2011-05-31,SK,2.8455,3.07,3.21,3.3725,3.575,3.6756,3.7142,3.6875
2011-06-30,SK,2.815,2.9575,3.07,3.27,3.53,3.625,3.67,3.625
2011-07-29,SK,2.7425,2.8075,2.8025,2.9075,3.155,3.255,3.2748,3.2425
2011-08-31,SK,2.425,2.205,2.33,2.5425,2.845,2.87,2.85,2.85
2011-09-30,SK,2.085,1.9775,2.025,2.2425,2.473,2.5062,2.4775,2.4612
2011-10-31,SK,2.338,2.218,2.229,2.3775,2.62,2.63,2.57,2.5025
2011-11-30,SK,2.0675,1.7855,1.7925,2.0125,2.389,2.387,2.2988,2.2144
2011-12-30,SK,2.078,1.86,1.8425,1.955,2.284,2.36,2.3125,2.235
2012-01-31,SK,2.034,1.812,1.807,1.97,2.3225,2.41,2.3825,2.29
2012-02-29,SK,2.045,1.955,2.009,2.185,2.565,2.7,2.6775,2.5875
2012-03-30,SK,2.1255,2.115,2.185,2.34,2.6425,2.765,2.7475,2.6525
2012-04-30,SK,2.0475,2.009,2.0575,2.1875,2.525,2.595,2.548,2.4725
2012-05-31,SK,1.895,1.7685,1.7645,1.85,2.0885,2.135,2.09,2.01
2012-06-29,SK,1.9465,1.88,1.9205,2.085,2.3955,2.47,2.4125,2.3825
2012-07-31,SK,1.911,1.8225,1.8245,1.93,2.2725,2.365,2.32,2.293
2012-08-31,SK,1.7315,1.6805,1.7045,1.845,2.2325,2.3375,2.2825,2.2525
2012-09-28,SK,1.4545,1.4075,1.45,1.6425,2.1125,2.255,2.24,2.2225
2012-10-31,SK,1.369,1.3585,1.417,1.61,2.08,2.25,2.2925,2.2925
2012-11-30,SK,1.305,1.2925,1.3555,1.57,2.0665,2.295,2.34,2.358
2012-12-31,SK,1.2,1.222,1.303,1.5225,2.033,2.278,2.327,2.347
2013-01-31,SK,1.211,1.365,1.548,1.8925,2.415,2.665,2.7375,2.77
2013-02-28,SK,1.255,1.3715,1.5305,1.8205,2.363,2.6325,2.748,2.815
2013-03-29,SK,1.315,1.4175,1.538,1.79,2.305,2.553,2.675,2.7625
2013-04-30,SK,1.185,1.235,1.3405,1.5735,2.0635,2.32,2.443,2.553
2013-05-31,SK,1.2175,1.3275,1.4785,1.7975,2.3575,2.623,2.753,2.858
2013-06-28,SK,1.3145,1.52,1.7585,2.1885,2.7295,2.925,3.015,3.045
2013-07-31,SK,1.2725,1.448,1.6625,2.09,2.6595,2.883,2.973,3.0125
2013-08-30,SK,1.3925,1.668,1.9485,2.3655,2.8855,3.09,3.155,3.197
2013-09-30,SK,1.3175,1.558,1.8175,2.2525,2.7985,3.0145,3.083,3.105
2013-10-31,SK,1.265,1.453,1.688,2.093,2.6685,2.888,2.958,2.9875
2013-11-29,SK,1.115,1.28,1.5235,1.9685,2.623,2.875,2.953,3.0025
2013-12-31,SK,1.013,1.264,1.58,2.18,2.8725,3.1225,3.2025,3.2525
2014-01-31,SK,0.991,1.2,1.4755,1.9615,2.5985,2.857,2.933,2.983
2014-02-28,SK,0.95,1.1485,1.4154,1.9025,2.5795,2.8375,2.9195,2.963
2014-03-31,SK,0.897,1.0735,1.326,1.8,2.4725,2.745,2.828,2.875
2014-04-30,SK,0.825,0.94,1.166,1.62,2.3175,2.6225,2.7225,2.768
2014-05-30,SK,0.7825,0.88,1.07,1.46,2.16,2.4825,2.61,2.665
2014-06-30,SK,0.69,0.786,0.9565,1.3425,2.0675,2.4025,2.5525,2.603
2014-07-31,SK,0.5075,0.63,0.81,1.1925,1.9175,2.2625,2.4225,2.488
2014-08-29,SK,0.4675,0.55,0.695,1.005,1.638,1.978,2.138,2.17
2014-09-30,SK,0.455,0.545,0.7025,1.055,1.7475,2.1,2.2675,2.348
2014-10-31,SK,0.264,0.33,0.442,0.76,1.4875,1.853,2.0275,2.098
2014-11-28,SK,0.264,0.305,0.4,0.6651,1.328,1.728,1.928,2.008
2014-12-31,SK,0.24,0.2675,0.365,0.6475,1.2635,1.597,1.815,1.9
2015-01-30,SK,0.0575,0.099,0.216,0.431,0.953,1.271,1.4725,1.5625
2015-02-27,SK,0.056,0.1375,0.2625,0.557,1.135,1.455,1.64,1.74
2015-03-31,SK,-0.115,-0.0575,0.0775,0.4025,0.9725,1.2225,1.3675,1.468
2015-04-30,SK,-0.192,-0.0875,0.0735,0.425,1.048,1.3175,1.48,1.5793
2015-05-29,SK,-0.2425,-0.1175,0.07,0.495,1.244,1.585,1.765,1.8705
2015-06-30,SK,-0.2125,-0.05,0.195,0.74,1.608,1.9725,2.1575,2.247
2015-07-31,SK,-0.255,-0.155,0.0575,0.5425,1.361,1.745,1.94,2.045
2015-08-31,SK,-0.3225,-0.2,0.0025,0.4955,1.3445,1.7095,1.9,2.015
2015-09-30,SK,-0.295,-0.17,0.0255,0.495,1.3575,1.7845,2.002,2.1099
2015-10-30,SK,-0.324,-0.215,-0.035,0.428,1.3325,1.8049,2.04,2.163
2015-11-30,SK,-0.3975,-0.2775,-0.075,0.415,1.3425,1.8315,2.112,2.27
2015-12-31,SK,-0.294,-0.1235,0.14,0.72,1.633,2.0825,2.33,2.495
2016-01-29,SK,-0.392,-0.295,-0.0935,0.3801,1.2675,1.7125,1.9525,2.11
2016-02-29,SK,-0.52,-0.4305,-0.2455,0.2045,1.0855,1.536,1.76,1.915
2016-03-31,SK,-0.457,-0.3425,-0.1651,0.2815,1.138,1.613,1.8503,2.0075
2016-04-29,SK,-0.428,-0.2885,-0.0895,0.375,1.24,1.683,1.935,2.132
2016-05-31,SK,-0.459,-0.3275,-0.145,0.265,1.115,1.555,1.8035,1.993
2016-06-30,SK,-0.529,-0.4465,-0.3155,-0.0055,0.7365,1.16,1.3935,1.55
2016-07-29,SK,-0.561,-0.4735,-0.3535,-0.0702,0.637,1.073,1.308,1.463
2016-08-31,SK,-0.547,-0.463,-0.3485,-0.0755,0.6055,1.0375,1.2725,1.4325
2016-09-30,SK,-0.51,-0.4345,-0.33,-0.0696,0.628,1.0725,1.3275,1.4825
2016-10-31,SK,-0.541,-0.4735,-0.3535,-0.0255,0.7915,1.243,1.485,1.643
2016-11-30,SK,-0.54,-0.4215,-0.2565,0.165,1.0585,1.505,1.75,1.905
2016-12-30,SK,-0.483,-0.34,-0.15,0.257,1.097,1.572,1.821,1.976
2017-01-31,SK,-0.464,-0.2675,-0.0435,0.422,1.275,1.753,1.995,2.153
2017-02-28,SK,-0.462,-0.3135,-0.138,0.2395,1.0665,1.545,1.797,1.957
2017-03-31,SK,-0.434,-0.2705,-0.061,0.334,1.1115,1.55,1.79,1.93
2017-04-28,SK,-0.453,-0.2875,-0.0875,0.297,1.0905,1.525,1.7575,1.8625
2017-05-31,SK,-0.476,-0.331,-0.145,0.228,1.0255,1.453,1.6995,1.7925
2017-06-30,SK,-0.4577,-0.2355,-0.0045,0.43,1.233,1.68,1.9025,2.0075
2017-07-31,SK,-0.42,-0.2245,0.002,0.468,1.2975,1.723,1.9375,2.045
2017-08-31,SK,-0.416,-0.225,-0.021,0.38,1.1565,1.565,1.7855,1.895
2017-09-29,SK,-0.406,-0.1875,0.035,0.46,1.263,1.678,1.895,2.005
2017-10-31,SK,-0.43,-0.245,-0.041,0.365,1.16,1.58,1.795,1.9
2017-11-30,SK,-0.441,-0.2425,-0.0315,0.3605,1.118,1.542,1.755,1.855
2017-12-29,SK,-0.358,-0.1499,0.078,0.499,1.2025,1.6225,1.835,1.9
2018-01-31,SK,-0.35,-0.093,0.1795,0.6715,1.3995,1.76,1.938,2.023
2018-02-28,SK,-0.4025,-0.178,0.0765,0.5425,1.3175,1.694,1.87,1.9545
2018-03-30,SK,-0.35,-0.155,0.075,0.5,1.2125,1.563,1.738,1.8125
2018-04-30,SK,-0.362,-0.1645,0.073,0.528,1.253,1.6,1.761,1.835
2018-05-31,SK,-0.352,-0.1615,0.046,0.4335,1.157,1.5135,1.6695,1.735
2018-06-29,SK,-0.325,-0.158,0.044,0.4115,1.1205,1.5,1.648,1.715
2018-07-31,SK,-0.294,-0.0925,0.123,0.5215,1.2205,1.5775,1.735,1.798
2018-08-31,SK,-0.31,-0.1115,0.086,0.444,1.127,1.498,1.658,1.723
2018-09-28,SK,-0.253,-0.01,0.2125,0.6055,1.2595,1.598,1.753,1.806
2018-10-31,SK,-0.2182,0.005,0.2156,0.59,1.253,1.5875,1.743,1.785
2018-11-30,SK,-0.197,-0.0246,0.155,0.4938,1.1407,1.478,1.625,1.67
2018-12-31,SK,-0.078,0.06,0.205,0.5075,1.1275,1.4625,1.605,1.6475
2019-01-31,SK,-0.052,0.06,0.1817,0.4345,1.003,1.335,1.478,1.515
2019-02-28,SK,-0.0115,0.1025,0.219,0.4689,1.013,1.35,1.503,1.538
2019-03-29,SK,0.0173,0.1025,0.1805,0.3675,0.8345,1.157,1.31,1.3475
2019-04-30,SK,-0.0315,0.0475,0.1345,0.3415,0.8505,1.171,1.3225,1.365
2019-05-31,SK,-0.0043,0.0355,0.0905,0.2415,0.6854,1.01,1.155,1.188
2019-06-28,SK,-0.0815,-0.0815,-0.0475,0.1,0.5425,0.86,1.018,1.063
2019-07-31,SK,-0.1291,-0.1505,-0.1422,-0.0292,0.37,0.688,0.85,0.9
2019-08-30,SK,-0.1259,-0.1935,-0.21,-0.1625,0.157,0.38,0.505,0.5395
2019-09-30,SK,-0.0761,-0.089,-0.09,-0.035,0.252,0.48,0.5925,0.6225
2019-10-31,SK,0.1244,0.13,0.14,0.197,0.4375,0.65,0.743,0.7575
2019-11-29,SK,0.173,0.2105,0.239,0.3183,0.5645,0.7705,0.8675,0.859
2019-12-31,SK,0.19,0.228,0.27,0.39,0.69,0.8875,0.9725,0.965
2020-01-31,SK,0.1825,0.1761,0.1767,0.2177,0.4344,0.63,0.72,0.7165
2020-02-28,SK,0.087,0.054,0.058,0.0945,0.269,0.432,0.515,0.505
2020-03-31,SK,0.1625,0.1325,0.145,0.21,0.406,0.55,0.583,0.527
2020-04-30,SK,0.1195,0.0798,0.0822,0.1231,0.3159,0.501,0.528,0.425
2020-05-29,SK,0.098,0.082,0.0938,0.1566,0.3689,0.541,0.594,0.51
2020-06-30,SK,0.003,-0.0057,0.0157,0.0869,0.3194,0.48,0.536,0.48
2020-07-31,SK,0,0.0164,0.0443,0.1122,0.3125,0.48,0.543,0.4678
2020-08-31,SK,-0.04,-0.0125,0.0215,0.1264,0.4011,0.6025,0.6765,0.632
2020-09-30,SK,-0.0475,-0.044,-0.018,0.065,0.3011,0.485,0.55,0.5085
2020-10-30,SK,-0.0615,-0.058,-0.034,0.047,0.2954,0.478,0.545,0.498
2020-11-30,SK,-0.055,-0.03,0,0.09,0.343,0.54,0.62,0.583
2020-12-31,SK,-0.04,-0.017,0.028,0.133,0.385,0.578,0.655,0.62
2021-01-29,SK,-0.065,-0.0485,-0.0045,0.121,0.4345,0.655,0.7425,0.721
2021-02-26,SK,-0.0375,0.0335,0.1385,0.3755,0.8115,1.06,1.168,1.135
2021-03-31,SK,-0.03,0.012,0.0965,0.3241,0.7885,1.0465,1.155,1.1575
2021-04-30,SK,-0.0375,0.0225,0.1126,0.3451,0.815,1.0825,1.193,1.186
2021-05-31,SK,-0.0254,0.045,0.1422,0.3875,0.84,1.1225,1.2475,1.265
2021-06-30,SK,-0.0175,0.0677,0.1691,0.3779,0.7594,1.019,1.1175,1.123
2021-07-30,SK,-0.02,0.021,0.0841,0.2296,0.5529,0.797,0.9025,0.889
2021-08-31,SK,0.0005,0.0634,0.1382,0.3059,0.6258,0.8375,0.935,0.929
2021-09-30,SK,0.0125,0.1215,0.2575,0.51,0.895,1.118,1.2205,1.199
2021-10-29,SK,0.122,0.3795,0.5665,0.793,1.031,1.164,1.213,1.091
2021-11-30,SK,0.034,0.202,0.365,0.568,0.8435,0.998,1.055,0.98
2021-12-31,SK,0.0875,0.3,0.48,0.705,0.965,1.138,1.205,1.1475
2022-01-31,SK,0.0959,0.4261,0.6825,0.9225,1.154,1.2825,1.316,1.226
2022-02-28,SK,0.15,0.6015,0.887,1.15,1.417,1.502,1.515,1.437
2022-03-31,SK,0.6625,1.367,1.663,1.8137,1.895,1.955,1.9175,1.77
2022-04-29,SK,1.1765,1.8625,2.0965,2.2315,2.3645,2.3825,2.344,2.213
2022-05-31,SK,1.425,2.055,2.2692,2.4164,2.535,2.589,2.559,2.419
2022-06-30,SK,1.962,2.521,2.6592,2.7075,2.7845,2.79,2.738,2.586
2022-07-29,SK,2.1895,2.378,2.365,2.3025,2.303,2.3315,2.32,2.174
2022-08-31,SK,2.6457,3.046,3.078,2.9585,2.7975,2.796,2.7325,2.541
2022-09-30,SK,2.9288,3.2618,3.3238,3.2908,3.158,3.072,2.9775,2.71
2022-10-31,SK,2.9975,3.197,3.206,3.178,3.092,3.007,2.892,2.665
2022-11-30,SK,3.14,3.1865,3.0791,2.8744,2.717,2.61,2.503,2.314
2022-12-30,SK,3.458,3.512,3.41,3.273,3.1205,3.028,2.923,2.7005
2010-01-29,US,0.487,1.0987,1.7125,2.6308,3.709,4.141,4.2863,4.3805
2010-02-26,US,0.468,1.061,1.668,2.598,3.7015,4.1547,4.313,4.4188
2010-03-31,US,0.556,1.1923,1.804,2.7325,3.82,4.259,4.4125,4.518
2010-04-30,US,0.6585,1.1978,1.7365,2.6095,3.659,4.053,4.1925,4.287
2010-05-31,US,0.8615,1.232,1.657,2.425,3.385,3.768,3.92,4.03
2010-06-30,US,0.723,0.971,1.331,2.0465,3.0009,3.4141,3.5785,3.6933
2010-07-30,US,0.486,0.733,1.0705,1.777,2.894,3.371,3.5575,3.7113
2010-08-31,US,0.429,0.652,0.9475,1.5608,2.483,2.869,3.0295,3.1415
2010-09-30,US,0.403,0.603,0.8715,1.5163,2.574,3.0215,3.211,3.3467
2010-10-29,US,0.367,0.4995,0.728,1.4168,2.683,3.2215,3.454,3.6351
2010-11-30,US,0.5625,0.7608,1.025,1.7464,2.961,3.4575,3.6657,3.8198
2010-12-31,US,0.4492,0.7921,1.27,2.173,3.3795,3.8365,3.9988,4.104
2011-01-31,US,0.4425,0.7912,1.2584,2.1819,3.4716,3.9771,4.1662,4.308
2011-02-28,US,0.418,0.8812,1.424,2.3513,3.5408,3.995,4.165,4.286
2011-03-31,US,0.4745,1.005,1.57,2.4654,3.574,4.0134,4.1767,4.2871
2011-04-29,US,0.385,0.78,1.2608,2.147,3.366,3.855,4.0293,4.163
2011-05-31,US,0.362,0.6595,1.082,1.934,3.1615,3.6497,3.838,3.9795
2011-06-30,US,0.388,0.7015,1.1455,2.0335,3.279,3.764,3.9435,4.074
2011-07-29,US,0.445,0.59,0.8545,1.6235,2.925,3.452,3.6535,3.8075
2011-08-31,US,0.4638,0.495,0.652,1.265,2.402,2.8934,3.088,3.2545
2011-09-30,US,0.5322,0.5765,0.7374,1.253,2.108,2.473,2.6035,2.6966
2011-10-31,US,0.531,0.5645,0.7105,1.275,2.283,2.674,2.8095,2.9097
2011-11-30,US,0.615,0.667,0.81,1.321,2.217,2.5605,2.663,2.7385
2011-12-30,US,0.6825,0.7261,0.8245,1.227,2.036,2.3945,2.5209,2.6148
2012-01-31,US,0.496,0.512,0.59,0.988,1.9155,2.342,2.5065,2.6395
2012-02-29,US,0.4895,0.5527,0.673,1.11,2.0615,2.4895,2.6533,2.78
2012-03-30,US,0.4965,0.581,0.7565,1.272,2.287,2.735,2.908,3.04
2012-04-30,US,0.5015,0.5475,0.666,1.094,2.0395,2.4983,2.68,2.821
2012-05-31,US,0.5665,0.6175,0.6866,1.0015,1.7385,2.122,2.272,2.383
2012-06-29,US,0.5025,0.547,0.6275,0.964,1.7745,2.1955,2.365,2.504
2012-07-31,US,0.393,0.4142,0.473,0.782,1.589,2.0095,2.1836,2.3245
2012-08-31,US,0.3805,0.402,0.461,0.773,1.6595,2.12,2.31,2.4705
2012-09-28,US,0.3385,0.367,0.439,0.765,1.704,2.214,2.4265,2.602
2012-10-31,US,0.331,0.387,0.481,0.826,1.738,2.238,2.4415,2.6045
2012-11-30,US,0.331,0.37,0.4425,0.755,1.6648,2.1815,2.4004,2.579
2012-12-31,US,0.328,0.3915,0.4925,0.841,1.816,2.359,2.594,2.8035
2013-01-31,US,0.342,0.434,0.5785,1.029,2.063,2.599,2.827,3.007
2013-02-28,US,0.32,0.3828,0.501,0.924,1.9665,2.519,2.7595,2.946
2013-03-29,US,0.351,0.42,0.5347,0.9538,2.007,2.575,2.807,2.993
2013-04-30,US,0.295,0.348,0.454,0.837,1.848,2.391,2.626,2.81
2013-05-31,US,0.3364,0.4585,0.6585,1.2063,2.305,2.83,3.05,3.215
2013-06-28,US,0.3575,0.511,0.819,1.566,2.697,3.17,3.336,3.448
2013-07-31,US,0.3325,0.4775,0.7728,1.552,2.7705,3.281,3.476,3.617
2013-08-30,US,0.3395,0.568,0.969,1.8075,2.981,3.438,3.608,3.7205
2013-09-30,US,0.3155,0.4604,0.7628,1.5375,2.764,3.2835,3.498,3.657
2013-10-31,US,0.292,0.4255,0.698,1.465,2.7,3.2205,3.437,3.6015
2013-11-29,US,0.2687,0.377,0.656,1.471,2.832,3.363,3.5825,3.745
2013-12-31,US,0.312,0.49,0.876,1.7865,3.0975,3.595,3.802,3.929
2014-01-31,US,0.2835,0.4595,0.8185,1.607,2.7855,3.266,3.4645,3.5965
2014-02-28,US,0.2665,0.4497,0.8115,1.6005,2.761,3.24,3.4395,3.571
2014-03-31,US,0.27,0.545,0.9915,1.8025,2.8415,3.261,3.434,3.5415
2014-04-30,US,0.2605,0.531,0.9735,1.757,2.754,3.161,3.3345,3.448
2014-05-30,US,0.2655,0.513,0.9095,1.6205,2.5875,3.003,3.186,3.3075
2014-06-30,US,0.286,0.583,0.9973,1.702,2.631,3.0335,3.212,3.3303
2014-07-31,US,0.3372,0.7287,1.197,1.884,2.6978,3.048,3.2013,3.2987
2014-08-29,US,0.3345,0.7135,1.153,1.7735,2.497,2.821,2.968,3.068
2014-09-30,US,0.3596,0.818,1.2951,1.9329,2.64,2.9453,3.088,3.19
2014-10-31,US,0.3245,0.708,1.137,1.7565,2.481,2.795,2.945,3.057
2014-11-28,US,0.3335,0.6915,1.069,1.622,2.3,2.612,2.7635,2.875
2014-12-31,US,0.44,0.8939,1.2865,1.7717,2.285,2.508,2.6205,2.7
2015-01-30,US,0.396,0.6915,0.963,1.331,1.7873,1.9805,2.0775,2.15
2015-02-27,US,0.4755,0.874,1.22,1.6495,2.12,2.323,2.416,2.4835
2015-03-31,US,0.463,0.808,1.1161,1.532,2.0245,2.227,2.3205,2.3888
2015-04-30,US,0.4731,0.8225,1.1395,1.582,2.123,2.345,2.448,2.5265
2015-05-29,US,0.487,0.8505,1.1715,1.634,2.2145,2.453,2.567,2.6495
2015-06-30,US,0.514,0.9035,1.2535,1.7865,2.464,2.7291,2.849,2.939
2015-07-31,US,0.5415,0.895,1.206,1.6665,2.2665,2.5138,2.6275,2.7115
2015-08-31,US,0.549,0.892,1.192,1.6505,2.2737,2.529,2.644,2.7325
2015-09-30,US,0.4965,0.7484,0.983,1.3853,2.0027,2.2825,2.416,2.5192
2015-10-30,US,0.5545,0.847,1.1041,1.496,2.0615,2.3177,2.442,2.5325
2015-11-30,US,0.69,0.9925,1.2325,1.5668,2.067,2.3125,2.4315,2.525
2015-12-31,US,0.866,1.1765,1.4098,1.7275,2.185,2.4205,2.5315,2.619
2016-01-29,US,0.694,0.8401,1,1.2889,1.7955,2.0485,2.171,2.267
2016-02-29,US,0.7415,0.8303,0.9252,1.1341,1.5747,1.8373,1.9762,2.0858
2016-03-31,US,0.74,0.842,0.948,1.172,1.638,1.8977,2.0305,2.137
2016-04-29,US,0.783,0.919,1.0402,1.2677,1.716,1.975,2.1095,2.213
2016-05-31,US,0.871,1.0294,1.1495,1.3385,1.703,1.9383,2.067,2.166
2016-06-30,US,0.675,0.7335,0.8072,0.9823,1.365,1.598,1.7265,1.8285
2016-07-29,US,0.8245,0.8805,0.9333,1.052,1.352,1.5465,1.6563,1.738
2016-08-31,US,0.966,1.0523,1.113,1.2205,1.4472,1.5808,1.6532,1.6982
2016-09-30,US,0.946,1.013,1.068,1.1808,1.4558,1.626,1.7171,1.779
2016-10-31,US,0.989,1.08,1.1621,1.3323,1.684,1.8735,1.9718,2.0375
2016-11-30,US,1.1035,1.3197,1.5195,1.817,2.2143,2.381,2.4555,2.4945
2016-12-30,US,1.1883,1.459,1.6854,1.9752,2.3367,2.4975,2.562,2.5915
2017-01-31,US,1.245,1.4975,1.7017,1.987,2.364,2.5345,2.608,2.642
2017-02-28,US,1.358,1.6105,1.7975,2.0471,2.3738,2.5315,2.6005,2.6275
2017-03-31,US,1.3836,1.618,1.8066,2.0523,2.3837,2.5443,2.615,2.645
2017-04-28,US,1.3875,1.5725,1.7205,1.9323,2.2543,2.4144,2.4844,2.5162
2017-05-31,US,1.3568,1.5105,1.6385,1.8286,2.146,2.3115,2.386,2.4234
2017-06-30,US,1.4565,1.6178,1.7506,1.9572,2.2805,2.434,2.505,2.5375
2017-07-31,US,1.4588,1.599,1.715,1.9075,2.2485,2.4256,2.5087,2.5564
2017-08-31,US,1.4386,1.5345,1.617,1.7614,2.066,2.2424,2.3279,2.3815
2017-09-29,US,1.566,1.742,1.8565,2.0139,2.2902,2.432,2.5001,2.5331
2017-10-31,US,1.6403,1.8195,1.9347,2.0894,2.3512,2.4923,2.559,2.5908
2017-11-30,US,1.7843,1.9716,2.078,2.1987,2.4053,2.524,2.5817,2.6005
2017-12-29,US,1.8982,2.0738,2.168,2.2437,2.397,2.4912,2.5331,2.541
2018-01-31,US,2.0957,2.3315,2.4679,2.5899,2.7347,2.8035,2.8288,2.8127
2018-02-28,US,2.3168,2.5338,2.6497,2.7518,2.8775,2.9456,2.9675,2.9463
2018-03-30,US,2.4203,2.5815,2.659,2.7059,2.7765,2.8314,2.8485,2.8237
2018-04-30,US,2.5509,2.7494,2.8426,2.9146,2.9865,3.0339,3.0479,3.0168
2018-05-31,US,2.5257,2.6953,2.7706,2.831,2.9121,2.9612,2.9707,2.9382
2018-06-29,US,2.6069,2.7935,2.859,2.891,2.9347,2.9681,2.9672,2.933
2018-07-31,US,2.6785,2.8813,2.9449,2.9772,3.0279,3.0627,3.0674,3.0392
2018-08-31,US,2.661,2.8244,2.8645,2.877,2.9305,2.9737,2.9831,2.9603
2018-09-28,US,2.7852,2.9894,3.0495,3.0706,3.1203,3.1575,3.163,3.1332
2018-10-31,US,2.8995,3.07,3.1116,3.126,3.2101,3.2753,3.2933,3.2778
2018-11-30,US,2.8992,2.9642,2.9645,2.9553,3.036,3.114,3.139,3.1339
2018-12-31,US,2.7581,2.657,2.59,2.5703,2.7085,2.8045,2.8333,2.8381
2019-01-31,US,2.6934,2.6069,2.5447,2.5299,2.6582,2.7571,2.7906,2.7948
2019-02-28,US,2.6675,2.6107,2.5679,2.5689,2.7275,2.8354,2.8755,2.883
2019-03-29,US,2.5426,2.3823,2.3056,2.2849,2.4085,2.5178,2.565,2.5824
2019-04-30,US,2.5283,2.3811,2.3159,2.3222,2.4897,2.6125,2.6678,2.693
2019-05-31,US,2.238,1.9792,1.9028,1.916,2.0833,2.2099,2.2666,2.294
2019-06-28,US,2.016,1.8051,1.7431,1.765,1.964,2.1085,2.1772,2.2137
2019-07-31,US,2.1017,1.9111,1.8319,1.8032,1.9455,2.0694,2.1325,2.163
2019-08-30,US,1.7935,1.5142,1.3945,1.3185,1.3817,1.4675,1.5195,1.5436
2019-09-30,US,1.827,1.6327,1.5506,1.5015,1.5638,1.6444,1.6925,1.7135
2019-10-31,US,1.688,1.5515,1.5,1.485,1.602,1.7059,1.7626,1.7901
2019-11-29,US,1.7409,1.6185,1.582,1.586,1.7006,1.7982,1.857,1.8754
2019-12-31,US,1.7704,1.6975,1.689,1.729,1.895,2.0099,2.0664,2.0914
2020-01-31,US,1.5422,1.3783,1.3211,1.3167,1.4525,1.5737,1.6387,1.669
2020-02-28,US,1.1418,0.985,0.9513,0.9814,1.1175,1.2223,1.2787,1.3006
2020-03-31,US,0.6653,0.4903,0.4612,0.5239,0.7161,0.8097,0.856,0.8815
2020-04-30,US,0.3705,0.3203,0.325,0.413,0.6452,0.757,0.8085,0.8345
2020-05-29,US,0.2927,0.2513,0.2627,0.3595,0.6506,0.8138,0.8965,0.9374
2020-06-30,US,0.2645,0.2251,0.2305,0.3262,0.639,0.8038,0.8843,0.9207
2020-07-31,US,0.2122,0.1788,0.1801,0.2512,0.5214,0.6693,0.7391,0.7694
2020-08-31,US,0.2344,0.2218,0.2354,0.334,0.7097,0.9255,1.0333,1.0966
2020-09-30,US,0.22,0.22,0.2402,0.3458,0.7098,0.9351,1.0493,1.1178
2020-10-30,US,0.2097,0.2375,0.2815,0.4485,0.895,1.1286,1.2448,1.3129
2020-11-30,US,0.2156,0.2316,0.2689,0.4258,0.8442,1.0745,1.1882,1.2573
2020-12-31,US,0.1925,0.1978,0.241,0.43,0.9253,1.1888,1.3168,1.402
2021-01-29,US,0.1766,0.1865,0.254,0.52,1.1094,1.3867,1.51,1.5889
2021-02-26,US,0.1885,0.2357,0.4069,0.8257,1.47,1.7311,1.8306,1.8788
2021-03-31,US,0.2162,0.2915,0.5142,1.0573,1.7817,2.0522,2.1537,2.199
2021-04-30,US,0.2086,0.2785,0.4735,0.9435,1.629,1.8912,1.9968,2.0445
2021-05-31,US,0.1459,0.23,0.4273,0.8801,1.566,1.8395,1.9422,1.999
2021-06-30,US,0.184,0.3284,0.571,0.9649,1.4426,1.6446,1.7368,1.7737
2021-07-30,US,0.1475,0.2608,0.4643,0.7825,1.2512,1.4807,1.5929,1.6528
2021-08-31,US,0.1546,0.2999,0.5239,0.8663,1.3254,1.5297,1.6245,1.6641
2021-09-30,US,0.1722,0.3808,0.6489,1.0534,1.5075,1.6921,1.7726,1.7934
2021-10-29,US,0.3141,0.693,0.9676,1.2339,1.562,1.686,1.7354,1.7225
2021-11-30,US,0.387,0.8043,1.0699,1.2853,1.522,1.6265,1.6692,1.6352
2021-12-31,US,0.535,0.9413,1.1683,1.3695,1.581,1.7005,1.756,1.7311
2022-01-31,US,0.885,1.3303,1.5306,1.6814,1.8438,1.9399,1.9733,1.9306
2022-02-28,US,1.1335,1.6034,1.7424,1.814,1.9162,1.9892,2.011,1.9513
2022-03-31,US,1.9466,2.5534,2.653,2.5229,2.4065,2.3997,2.3809,2.2529
2022-04-29,US,2.5563,3.0465,3.1097,3.055,3.0237,3.022,2.9754,2.7853
2022-05-31,US,2.6167,2.894,2.8959,2.8677,2.93,3.005,2.9929,2.8362
2022-06-30,US,3.2902,3.276,3.1428,3.0754,3.0938,3.1721,3.1525,2.9478
2022-07-29,US,3.364,3.1525,2.9208,2.7115,2.7256,2.8453,2.864,2.7343
2022-08-31,US,3.9124,3.8479,3.6562,3.4285,3.2804,3.2902,3.2331,3.0133
2022-09-30,US,4.5799,4.546,4.3577,4.1412,3.877,3.7973,3.6714,3.354
2022-10-31,US,5.0831,4.8588,4.5856,4.2965,4.0918,4.0614,3.9773,3.7027
2022-11-30,US,5.1073,4.6288,4.1773,3.775,3.5663,3.5753,3.5258,3.293
2022-12-30,US,5.12,4.7083,4.3424,4.023,3.8375,3.8119,3.7435,3.491
